Region,Arica y Parinacota,Tarapacá,Antofagasta,Atacama,Coquimbo,Valparaíso,Metropolitana,O’Higgins,Maule,Ñuble,Biobío,Araucanía,Los Ríos,Los Lagos,Aysén,Magallanes,Total
2020-04-29,0,0,0,0,0,0,250,0,0,0,0,0,0,0,0,0,250
2020-04-30,5,0,5,0,0,5,86,1,1,0,2,2,0,1,0,0,108
2020-05-01,5,2,6,0,1,5,79,0,0,0,2,2,0,1,0,0,103
2020-05-02,6,1,10,3,0,4,147,1,0,4,3,0,0,1,0,1,181
2020-05-03,0,6,16,0,5,1,83,1,0,3,1,0,0,0,0,0,116
2020-05-04,0,7,6,1,2,0,82,0,0,1,0,2,0,2,0,1,104
2020-05-05,0,13,10,4,1,0,22,0,2,0,1,2,0,0,0,1,56
2020-05-06,0,4,16,2,0,5,91,1,0,1,3,10,0,5,0,1,139
2020-05-07,1,40,9,6,2,4,97,0,0,1,7,16,0,4,0,3,190
2020-05-08,1,37,2,1,2,9,129,3,0,0,8,11,0,2,0,3,208
2020-05-09,2,1,5,9,6,7,189,2,1,2,9,0,2,4,0,4,243
2020-05-10,1,7,4,0,6,13,171,5,1,3,7,14,0,6,0,3,241
2020-05-11,1,9,4,4,0,8,137,8,4,1,21,10,1,9,0,5,222
2020-05-12,0,8,6,0,4,5,132,1,4,0,10,2,0,0,0,7,179
2020-05-13,1,6,16,0,5,15,430,6,2,2,6,4,0,13,0,2,508
2020-05-14,0,16,13,1,9,21,257,14,10,0,6,5,0,5,0,1,358
2020-05-15,0,22,16,1,10,33,267,6,7,6,9,10,1,2,0,0,390
2020-05-16,2,15,27,0,7,20,199,0,2,22,9,7,0,0,0,3,313
2020-05-17,0,22,16,1,6,24,219,15,5,7,6,6,0,1,0,1,329
2020-05-18,2,8,14,3,5,9,171,19,6,6,5,5,1,4,0,2,260
2020-05-19,3,13,16,0,6,14,338,11,5,0,3,9,1,2,0,0,421
2020-05-20,0,2,32,2,11,24,290,2,11,3,9,4,1,0,0,0,391
2020-05-21,8,8,12,2,3,16,336,2,7,1,7,10,1,13,0,0,426
2020-05-22,3,26,8,4,3,13,335,6,1,0,5,0,0,9,0,0,413
2020-05-23,2,10,4,1,1,9,237,6,4,7,4,7,2,5,0,0,299
2020-05-24,3,8,10,0,4,15,286,8,4,2,9,8,5,3,0,1,366
2020-05-25,0,13,7,0,1,10,386,5,7,0,10,19,1,7,0,1,467
2020-05-26,1,10,4,1,9,17,281,7,0,0,4,5,0,4,0,3,346
2020-05-27,2,4,9,1,7,10,305,13,1,3,9,7,0,0,0,1,372
2020-05-28,3,27,13,1,3,31,404,1,8,5,16,7,0,6,0,1,526
2020-05-29,3,6,13,2,3,21,249,5,5,3,10,11,6,2,0,1,340
2020-05-30,2,33,21,0,8,26,306,0,17,7,30,24,3,5,0,2,484
2020-05-31,6,25,20,0,8,13,289,2,11,0,15,0,4,0,0,0,393
2020-06-01,4,13,8,6,7,15,299,5,7,1,16,6,2,0,0,0,389
2020-06-02,0,8,6,1,2,20,257,6,4,0,0,9,0,7,1,0,321
2020-06-03,4,12,6,0,2,23,290,3,33,9,15,3,0,5,0,0,405
2020-06-04,4,20,17,1,10,15,372,4,20,7,18,3,1,0,0,0,492
2020-06-05,6,16,9,3,23,16,288,4,6,5,11,17,4,7,0,2,417
2020-06-06,4,25,4,1,13,19,183,10,48,7,28,7,7,2,0,0,358
2020-06-07,0,37,15,13,8,27,471,16,24,1,18,9,2,4,0,0,645
2020-06-08,7,9,11,9,13,40,325,8,16,4,5,7,4,0,1,0,459
2020-06-09,1,10,23,2,9,19,201,5,21,10,6,7,3,9,0,0,326
2020-06-10,0,21,14,3,3,25,385,8,28,8,14,1,0,1,0,0,511
2020-06-11,2,13,15,2,14,35,350,12,15,5,22,13,1,3,0,5,507
2020-06-12,5,36,13,4,14,22,385,5,15,3,15,9,3,7,0,1,537
2020-06-13,14,29,12,7,8,24,349,10,35,2,17,15,3,6,0,9,540
2020-06-14,2,22,17,1,9,18,383,23,32,2,21,4,8,9,0,19,570
2020-06-15,0,23,26,13,24,24,286,8,10,5,21,5,14,3,0,21,483
2020-06-16,2,11,4,4,9,11,399,14,18,3,11,8,1,1,0,19,515
2020-06-17,6,9,19,15,13,25,282,13,16,7,22,1,4,5,0,0,437
2020-06-18,1,13,27,7,20,16,207,14,32,10,22,9,3,2,0,0,383
2020-06-19,4,14,33,12,9,21,367,12,37,41,29,9,2,4,0,5,599
2020-06-20,1,19,45,4,11,21,225,28,12,8,25,8,2,3,0,6,418
2020-06-21,3,20,21,4,15,17,288,88,62,7,33,11,3,13,0,9,594
2020-06-22,3,16,24,7,6,21,218,25,14,0,44,7,4,3,0,7,399
2020-06-23,0,18,27,15,4,12,178,18,27,0,27,2,0,3,0,5,336
2020-06-24,6,11,31,6,5,18,141,10,16,4,15,1,0,0,0,0,264
2020-06-25,9,11,41,21,29,14,202,9,23,2,45,3,0,4,0,10,423
2020-06-26,0,19,24,7,6,13,217,28,22,7,50,4,5,3,1,7,413
2020-06-27,2,15,20,13,4,20,239,22,25,12,23,6,0,7,1,17,426
2020-06-28,9,16,27,4,5,23,193,31,14,9,40,9,4,7,5,6,402
2020-06-29,5.0,15.0,38.0,17.0,17.0,16.0,226.0,25.0,24.0,1.0,27.0,10.0,3.0,8.0,0.0,0.0,432.0
2020-06-30,4.0,18.0,13.0,18.0,5.0,13.0,203.0,18.0,17.0,1.0,14.0,5.0,4.0,3.0,0.0,2.0,338.0
2020-07-01,4,14,27,20,7,16,142,16,20,1,27,0,2,2,0,2,300
2020-07-02,1,17,31,3,0,8,98,33,14,2,13,1,1,6,0,2,230
2020-07-03,0,21,33,12,3,10,152,31,12,8,23,9,0,4,0,4,322
2020-07-04,7,11,33,14,5,17,187,36,15,6,22,6,1,10,0,1,371
2020-07-05,1,30,54,16,15,26,194,23,10,6,41,4,1,12,2,3,438
2020-07-06,10,34,33,15,19,12,157,33,15,8,38,20,2,3,0,5,404
2020-07-07,3,25,47,3,4,10,113,25,11,6,13,5,1,0,0,0,266
2020-07-08,1,27,21,9,7,19,119,6,9,13,16,2,2,12,1,1,265
2020-07-09,12,31,34,17,13,15,191,33,10,27,31,1,7,1,0,9,432
2020-07-10,5,21,35,13,36,30,185,77,12,5,25,10,0,2,0,4,460
2020-07-11,15,20,40,15,14,27,187,14,9,14,33,1,1,10,0,5,405
2020-07-12,1,12,27,10,10,20,207,41,10,14,19,6,0,8,0,4,389
2020-07-13,1,14,55,22,16,35,208,17,33,3,31,2,0,11,1,2,451
2020-07-14,5,2,20,13,1,11,116,34,13,1,11,1,3,10,0,3,244
2020-07-15,6,6,15,8,4,14,80,5,4,6,16,12,1,4,0,5,186
2020-07-16,3,7,35,9,11,27,176,14,21,12,30,4,8,10,0,0,367
2020-07-17,1,21,35,1,39,34,297,20,37,9,20,10,3,12,5,1,545
2020-07-18,3,14,40,14,16,12,174,12,16,36,26,6,0,1,0,3,373
2020-07-19,6,10,34,5,24,27,158,20,16,7,23,6,1,20,0,2,359
2020-07-20,9,38,16,20,7,28,163,13,9,9,17,4,5,2,0,0,340
2020-07-21,8,5,10,16,5,10,127,9,17,2,6,3,1,10,0,1,230
2020-07-22,10,4,32,3,8,25,118,14,2,1,8,2,0,7,0,4,238
2020-07-23,21,9,29,13,6,19,196,23,14,10,11,5,1,18,0,4,379
2020-07-24,9,13,40,14,16,13,170,21,13,3,20,16,1,23,0,1,373
2020-07-25,7,17,35,29,12,44,150,11,24,4,38,4,4,20,0,0,399
2020-07-26,23,20,20,55,17,14,150,19,15,1,32,3,3,72,0,5,449
2020-07-27,27,17,46,1,17,21,225,9,25,10,26,17,4,39,2,1,487
2020-07-28,6,94,33,10,24,13,215,5,7,1,16,8,4,12,0,14,462
2020-07-29,22,9,26,22,20,4,146,11,19,11,22,11,1,20,1,1,346
2020-07-30,16,23,28,40,10,13,125,18,23,5,28,5,2,27,0,25,388
2020-07-31,9,16,32,43,30,26,197,11,17,5,25,11,4,22,0,2,450
2020-08-01,21,21,22,37,33,24,181,8,7,6,20,5,0,47,0,8,440
2020-08-02,4,9,34,33,23,22,192,28,23,7,27,10,2,50,2,7,473
2020-08-03,11,32,60,60,16,21,231,17,14,3,23,13,3,17,0,6,527
2020-08-04,13,10,28,16,11,8,159,13,15,3,7,6,2,47,0,12,350
2020-08-05,9,10,68,35,17,5,265,20,4,2,12,7,0,19,0,9,482
2020-08-06,13,7,38,10,18,10,174,19,23,0,21,15,0,33,0,22,403
2020-08-07,20,12,22,29,21,21,245,51,32,4,65,10,1,34,1,2,570
2020-08-08,23,4,37,48,10,61,209,69,27,13,54,6,7,19,0,17,604
2020-08-09,29,26,21,5,26,18,224,21,27,6,58,7,0,21,6,7,502
2020-08-10,33,18,38,108,31,13,223,18,23,5,29,15,5,19,1,26,605
2020-08-11,12,35,26,54,16,13,129,41,17,5,42,3,5,11,0,15,424
2020-08-12,13,22,21,33,17,27,151,37,24,19,8,8,4,30,0,7,421
2020-08-13,15,12,26,30,22,30,166,22,24,6,41,9,5,14,0,3,425
2020-08-14,16,28,34,48,20,31,262,22,38,10,50,10,1,28,0,18,616
2020-08-15,22,19,23,52,34,32,223,19,31,0,26,17,1,28,0,25,552
2020-08-16,23,23,33,64,36,54,249,21,42,1,34,7,1,32,2,12,634
2020-08-17,24,29,30,51,15,28,198,8,15,7,43,8,1,16,0,7,480
2020-08-18,9,28,20,62,36,23,147,19,21,3,23,10,0,22,0,20,443
2020-08-19,4,5,22,26,20,45,112,8,20,5,20,10,0,14,0,5,316
2020-08-20,18,12,20,22,27,22,182,15,38,7,39,9,0,23,1,18,453
2020-08-21,27,25,40,23,14,48,181,18,19,2,49,15,2,21,0,12,496
2020-08-22,27,18,25,51,56,27,248,9,26,11,41,6,5,24,0,26,600
2020-08-23,16,24,26,25,52,36,163,17,43,9,50,5,8,36,0,44,554
2020-08-24,16,15,45,50,35,43,186,46,16,11,48,2,3,18,0,46,580
2020-08-25,11,21,28,52,27,27,183,17,24,8,16,11,0,11,2,35,473
2020-08-26,4,9,33,8,20,31,101,20,22,11,34,3,1,13,2,4,316
2020-08-27,14,18,31,15,15,22,140,22,22,6,64,3,2,12,0,64,450
2020-08-28,16,11,35,35,38,55,172,29,37,14,34,18,1,30,1,17,543
2020-08-29,27,21,27,28,13,73,206,30,43,20,87,14,1,21,5,29,645
2020-08-30,35,11,28,24,21,62,251,17,34,12,42,7,2,43,0,27,616
2020-08-31,27,8,26,19,35,46,190,19,26,10,38,12,8,12,0,31,507
2020-09-01,16,21,20,32,13,55,143,17,21,5,28,10,2,24,0,29,436
2020-09-02,5,9,19,26,27,57,137,17,14,11,17,7,1,42,0,29,418
2020-09-03,24,11,32,3,32,35,115,17,34,12,40,11,4,12,0,22,404
2020-09-04,23,10,37,15,24,46,203,22,54,16,48,20,2,24,0,21,565
2020-09-05,20,21,35,14,22,59,159,29,19,10,43,21,5,27,6,48,538
2020-09-06,31,16,41,30,22,41,185,22,34,37,58,18,4,50,3,39,631
2020-09-07,26,15,30,11,22,22,166,30,81,5,40,4,8,13,0,72,545
2020-09-08,18,21,18,32,16,28,131,42,29,4,21,5,3,15,0,14,397
2020-09-09,5,14,8,29,23,26,170,8,36,3,24,26,3,24,0,3,402
2020-09-10,15,9,40,14,13,31,159,9,66,5,41,18,8,14,4,6,452
2020-09-11,10,16,20,19,23,52,125,33,80,17,34,20,12,37,0,11,509
2020-09-12,13,15,30,12,36,48,179,45,50,35,57,19,22,27,1,78,667
2020-09-13,22,29,18,19,35,36,130,36,64,30,50,17,20,24,4,58,592
2020-09-14,18,10,36,24,34,47,161,21,44,30,38,14,19,29,6,30,561
2020-09-15,20,15,16,37,36,35,114,26,36,25,34,38,8,30,5,4,479
2020-09-16,24,3,7,11,11,18,108,15,62,10,12,28,3,14,2,25,353
2020-09-17,11,14,17,21,24,22,155,32,66,13,45,29,11,34,5,41,540
2020-09-18,20,16,17,11,26,38,113,32,69,19,57,28,10,27,10,17,510
2020-09-19,23,4,17,47,22,28,137,40,58,22,45,34,2,62,11,24,576
2020-09-20,18,8,11,21,10,30,156,30,36,34,22,20,8,30,9,42,485
2020-09-21,4,7,15,34,13,13,33,21,29,8,23,35,16,9,4,73,337
2020-09-22,13,4,12,2,4,2,24,6,53,3,21,27,6,19,8,15,219
2020-09-23,12,4,9,37,1,15,76,9,32,4,30,33,15,18,7,23,325
2020-09-24,14,11,19,3,16,23,74,31,42,12,56,12,25,28,3,26,395
2020-09-25,32,11,29,29,12,37,101,48,75,10,80,57,22,55,13,83,694
2020-09-26,24,9,25,13,13,34,124,27,62,26,65,44,26,43,3,56,594
2020-09-27,50,16,39,34,38,37,135,24,45,22,48,40,18,47,4,19,616
2020-09-28,33,11,22,36,30,39,126,25,49,20,34,21,21,69,1,64,601
2020-09-29,24,14,9,11,7,19,137,34,37,22,18,15,27,69,57,52,552
2020-09-30,22,13,31,17,14,18,114,10,47,8,14,53,21,22,24,21,449
2020-10-01,33,12,16,18,7,25,103,22,75,9,63,38,17,45,11,17,511
2020-10-02,32,8,31,9,15,29,136,23,69,15,45,30,35,75,6,27,585
2020-10-03,22,9,31,18,14,38,82,32,43,12,37,63,27,93,10,74,605
2020-10-04,24,6,25,11,6,54,111,15,83,12,53,45,21,67,11,86,630
2020-10-05,17,7,37,13,19,20,108,27,49,9,21,41,13,80,1,19,481
2020-10-06,25,15,7,24,10,18,98,17,25,8,28,40,36,79,0,70,500
2020-10-07,16,10,8,21,7,31,75,4,8,5,13,35,9,45,2,20,309
2020-10-08,17,6,20,19,7,13,70,18,46,9,35,74,20,44,0,42,440
2020-10-09,21,7,16,6,9,20,111,14,46,9,40,53,22,59,13,46,492
2020-10-10,16,7,25,25,4,40,79,34,40,12,56,51,13,73,2,104,581
2020-10-11,25,3,28,11,4,32,119,35,43,9,54,40,21,84,6,48,562
2020-10-12,35,13,30,25,11,15,88,16,56,9,58,53,28,52,3,33,525
2020-10-13,9,3,13,8,10,19,79,17,21,13,39,56,25,109,5,36,462
2020-10-14,17,2,12,13,5,12,50,5,8,3,36,37,6,32,5,13,256
2020-10-15,18,2,7,2,3,20,39,9,9,1,22,22,3,38,3,12,210
2020-10-16,29,12,15,2,5,20,94,10,40,5,72,46,38,95,9,18,510
2020-10-17,14,13,30,22,8,31,112,28,66,7,62,28,44,100,14,21,600
2020-10-18,23,6,19,8,6,26,114,29,46,9,73,85,25,98,2,22,591
2020-10-19,12,8,18,16,6,26,109,26,36,16,28,33,23,79,5,35,476
2020-10-20,11,14,9,2,8,16,86,19,22,6,18,29,19,60,7,19,345
2020-10-21,10,12,11,8,2,20,53,12,3,2,22,56,6,70,14,10,311
2020-10-22,24,6,11,5,2,36,87,19,27,7,52,24,21,79,3,25,428
2020-10-23,25,15,9,11,2,15,101,19,25,24,57,113,26,108,15,19,584
2020-10-24,22,12,21,7,7,32,91,20,26,9,31,60,35,80,16,22,491
2020-10-25,12,17,21,11,6,20,98,14,27,8,34,61,28,111,2,21,491
2020-10-26,20,17,11,12,1,24,90,12,40,5,42,62,31,73,2,30,472
2020-10-27,14,13,8,9,0,26,47,4,5,7,17,51,35,62,0,2,300
2020-10-28,10,24,5,6,3,11,51,4,7,7,10,43,14,28,1,10,234
2020-10-29,23,13,29,7,3,16,69,10,28,13,42,46,11,87,7,21,425
2020-10-30,23,16,16,15,5,22,77,15,61,12,50,62,41,90,7,23,535
2020-10-31,19,36,4,13,3,29,133,12,42,29,46,52,39,91,4,27,579
2020-11-01,18,8,19,3,1,37,82,24,33,17,48,79,35,105,7,32,548
2020-11-02,9,16,18,2,1,22,96,12,18,2,57,53,31,120,7,13,477
2020-11-03,9,1,4,6,2,23,57,8,10,13,23,38,34,54,0,26,308
2020-11-04,7,9,3,2,6,9,36,2,5,2,10,26,28,37,3,15,200
2020-11-05,14,15,5,1,2,20,88,9,33,6,48,59,34,76,2,46,458
2020-11-06,18,42,18,3,3,23,125,17,28,9,58,70,44,125,5,17,605
2020-11-07,14,21,16,0,6,28,90,14,51,12,46,39,46,112,4,20,519
2020-11-08,16,29,6,3,2,20,117,17,29,16,49,62,38,81,1,28,514
2020-11-09,17,29,20,1,5,12,90,22,33,16,27,37,43,86,1,17,456
2020-11-10,11,33,10,4,2,15,47,17,10,5,22,45,43,87,0,20,371
2020-11-11,7,13,3,0,1,5,39,5,7,5,29,37,40,54,2,6,253
2020-11-12,12,34,16,1,2,20,75,6,28,10,71,45,58,75,2,13,468
2020-11-13,6,21,26,10,2,34,69,17,47,11,78,58,55,83,4,22,543
2020-11-14,12,11,23,2,4,22,104,21,37,8,49,61,50,85,3,44,536
2020-11-15,9,12,24,4,1,23,102,5,28,15,46,73,68,117,7,11,545
2020-11-16,11,3,5,4,3,11,70,23,20,23,57,39,43,110,1,24,447
2020-11-17,6,33,6,7,1,8,40,13,11,4,25,40,38,58,2,25,317
2020-11-18,3,5,2,2,0,9,45,7,18,3,23,28,26,62,3,6,242
2020-11-19,9,16,9,2,4,15,84,15,26,6,42,31,25,87,0,15,386
2020-11-20,18,22,13,6,5,26,91,10,25,10,28,43,67,78,1,36,479
2020-11-21,5,11,8,4,7,28,108,22,24,13,48,44,37,112,8,23,502
2020-11-22,11,14,10,24,2,29,87,11,35,25,46,47,52,98,1,30,522
2020-11-23,3,15,12,5,7,23,123,13,23,8,58,57,69,69,0,20,505
2020-11-24,4,3,5,9,5,11,62,17,7,11,25,23,40,34,0,31,287
2020-11-25,3,9,5,3,1,11,62,1,3,2,29,25,23,31,2,8,218
2020-11-26,9,37,13,2,5,24,69,7,32,16,53,48,36,80,1,37,469
2020-11-27,4,19,12,4,8,14,130,14,34,11,69,44,58,81,4,31,537
2020-11-28,7,24,9,4,8,63,145,12,18,25,44,68,46,82,1,19,575
2020-11-29,9,4,11,5,28,24,97,11,17,25,47,53,50,72,2,30,485
2020-11-30,5,13,16,4,9,14,97,12,22,10,56,39,29,50,4,30,410
2020-12-01,1,14,1,6,3,11,56,10,8,9,68,49,47,39,0,32,354
2020-12-02,2,2,3,1,0,17,76,12,21,0,18,38,25,26,2,2,245
2020-12-03,3,8,9,2,10,24,85,27,12,16,65,34,58,40,2,14,409
2020-12-04,6,27,13,6,3,30,145,22,23,18,57,57,35,83,2,25,552
2020-12-05,7,2,8,4,16,27,154,12,25,8,66,60,32,51,0,22,494
2020-12-06,8,22,17,3,4,42,141,22,29,17,95,33,39,67,1,43,583
2020-12-07,9,32,17,4,19,18,99,16,38,14,82,97,38,65,4,31,583
2020-12-08,1,10,14,5,9,19,110,14,45,5,41,35,24,40,2,32,406
2020-12-09,7,10,4,2,3,17,83,11,3,2,43,24,18,36,3,21,287
2020-12-10,11,20,10,2,10,19,122,11,31,20,81,18,52,100,1,9,517
2020-12-11,7,16,9,2,7,25,88,3,35,24,54,48,35,26,5,15,399
2020-12-12,19,2,15,0,3,32,105,11,33,9,93,44,33,66,0,26,491
2020-12-13,12,28,29,3,4,28,140,21,67,10,56,83,66,77,7,53,684
2020-12-14,15,24,33,2,34,28,146,13,37,15,99,38,53,65,0,45,647
2020-12-15,5,30,14,6,19,27,106,22,27,5,33,28,31,34,1,24,412
2020-12-16,0,25,8,3,10,29,86,6,29,5,38,25,20,30,2,14,330
2020-12-17,1,22,12,1,15,44,120,20,32,19,82,41,39,69,0,18,535
2020-12-18,19,10,38,4,13,57,214,23,67,19,126,72,71,56,2,18,809
2020-12-19,4,27,30,7,5,33,145,22,61,12,79,74,69,76,7,15,666
2020-12-20,19,28,19,9,19,31,208,10,73,22,93,57,24,97,4,27,740
2020-12-21,7,18,44,3,9,20,133,18,59,13,95,66,23,78,0,28,614
2020-12-22,3,39,29,12,9,37,102,13,61,13,47,56,36,75,1,43,576
2020-12-23,7,5,9,6,14,24,112,30,36,9,47,35,22,45,4,9,414
2020-12-24,16,36,22,5,13,43,158,13,146,18,74,65,40,75,6,11,741
2020-12-25,13,24,41,14,16,44,187,22,107,22,99,63,43,121,10,34,860
2020-12-26,11,34,31,3,8,25,187,37,110,45,94,68,58,115,10,28,864
2020-12-27,5,49,19,7,2,20,123,21,102,23,43,57,16,74,1,3,565
2020-12-28,7,9,13,2,6,18,81,13,95,77,29,36,14,51,18,20,489
2020-12-29,11,12,4,4,3,6,92,5,89,16,49,47,63,57,8,33,499
2020-12-30,10,17,11,1,8,22,111,10,25,5,61,23,27,18,11,3,363
2020-12-31,14,33,46,7,4,42,200,31,79,20,144,69,51,94,8,31,873
2021-01-01,32,62,55,5,14,71,265,52,128,20,116,56,71,150,5,30,1132
2021-01-02,23,54,91,10,12,69,282,39,58,13,103,72,90,213,16,20,1165
2021-01-03,10,48,29,11,9,38,150,5,188,21,76,39,40,67,4,18,753
2021-01-04,6,33,33,7,2,33,102,11,152,16,19,88,16,94,18,15,645
2021-01-05,9,24,26,3,8,13,110,22,52,18,44,50,40,58,5,37,519
2021-01-06,10,20,30,5,7,23,103,30,29,5,32,32,32,50,7,24,439
2021-01-07,19,57,61,8,15,61,183,55,70,22,97,46,72,150,5,23,944
2021-01-08,24,94,122,14,9,71,257,33,162,29,104,99,97,186,20,35,1356
2021-01-09,39,75,127,17,8,75,279,40,153,25,110,110,89,236,25,20,1428
2021-01-10,29,86,92,21,18,86,243,63,150,38,103,103,115,205,8,31,1391
2021-01-11,43,67,149,1,37,41,268,60,122,34,119,56,83,245,12,26,1363
2021-01-12,22,93,87,38,25,61,184,23,130,31,49,77,40,154,0,31,1045
2021-01-13,15,79,50,21,14,41,158,32,165,10,32,76,66,163,17,24,963
2021-01-14,53,91,76,27,20,63,217,43,127,13,109,87,88,261,7,20,1302
2021-01-15,42,46,66,22,23,70,233,60,175,34,151,86,71,294,9,21,1403
2021-01-16,50,49,134,36,27,81,296,52,129,36,81,82,115,276,11,16,1471
2021-01-17,64,114,119,29,11,76,233,44,158,13,65,103,106,259,9,15,1418
2021-01-18,49,113,89,25,29,65,220,49,176,48,84,85,86,199,17,20,1354
2021-01-19,16,32,101,19,29,34,145,38,121,46,67,69,95,164,10,16,1002
2021-01-20,17,97,63,8,35,40,159,65,84,11,66,123,71,152,10,9,1010
2021-01-21,48,92,36,20,19,76,215,33,105,27,90,79,99,185,7,16,1147
2021-01-22,55,73,124,30,23,62,209,92,146,43,129,73,103,296,10,29,1497
2021-01-23,52,52,102,24,35,69,224,54,185,48,161,109,87,354,13,28,1597
2021-01-24,53,86,71,27,20,74,324,57,90,32,100,84,99,271,21,29,1438
2021-01-25,28,72,89,26,19,73,269,84,128,21,105,89,85,180,15,24,1307
2021-01-26,43,52,50,40,32,31,180,31,98,23,46,118,65,252,4,34,1099
2021-01-27,40,79,22,11,26,36,134,42,97,12,46,102,61,107,6,28,849
2021-01-28,35,62,56,18,28,55,281,59,73,34,83,65,90,222,8,17,1186
2021-01-29,57,81,106,20,30,72,269,95,154,46,95,53,116,207,6,40,1447
2021-01-30,44,63,70,29,28,61,289,63,160,24,92,113,68,218,24,20,1366
2021-01-31,60,71,79,47,21,67,198,73,158,18,124,96,87,225,16,22,1362
2021-02-01,50,44,91,52,19,64,239,68,156,40,81,116,74,212,8,20,1334
2021-02-02,49,123,106,36,33,14,156,42,126,14,70,44,54,138,1,15,1021
2021-02-03,23,57,13,31,24,24,140,23,40,11,37,69,89,76,16,14,687
2021-02-04,24,69,112,19,28,70,167,28,120,27,86,55,43,136,7,22,1013
2021-02-05,44,53,118,22,71,68,172,41,116,24,110,102,26,170,9,42,1188
2021-02-06,48,44,93,39,39,69,241,79,147,24,68,81,79,185,6,14,1256
2021-02-07,46,43,52,23,41,55,228,75,163,18,106,96,76,163,12,24,1221
2021-02-08,41,60,101,34,21,48,171,61,130,23,102,55,62,151,17,22,1099
2021-02-09,20,43,62,26,42,15,142,35,84,22,40,94,56,107,1,8,797
2021-02-10,22,21,19,23,26,26,103,17,25,11,42,52,43,62,2,15,509
2021-02-11,42,41,76,16,20,62,202,53,71,49,80,80,65,113,3,27,1000
2021-02-12,48,74,81,37,38,60,207,60,120,60,134,82,78,147,4,10,1240
2021-02-13,27,41,78,33,22,48,257,74,116,40,84,96,81,161,19,14,1191
2021-02-14,61,59,61,28,47,53,228,28,71,36,103,123,57,166,10,16,1147
2021-02-15,45,34,70,60,32,40,177,40,86,47,93,89,75,122,8,20,1038
2021-02-16,18,21,44,41,17,19,155,18,33,16,43,67,57,68,5,13,635
2021-02-17,27,13,15,19,14,16,101,10,13,14,50,57,29,49,1,9,437
2021-02-18,59,57,71,16,32,45,203,41,109,41,80,62,46,92,9,27,990
2021-02-19,44,38,79,23,42,85,212,46,100,29,105,82,81,106,7,20,1099
2021-02-20,44,23,103,49,38,62,240,40,117,35,107,109,50,122,9,27,1175
2021-02-21,44,31,67,56,49,64,217,45,118,29,94,80,75,81,9,25,1084
2021-02-22,52,35,74,22,27,50,224,43,98,44,92,85,63,83,5,12,1009
2021-02-23,23,23,40,55,41,31,196,3,17,10,41,56,56,41,3,12,648
2021-02-24,23,7,14,42,13,28,98,21,10,11,63,51,29,44,2,12,468
2021-02-25,47,51,67,24,43,78,211,42,94,14,119,71,99,103,5,12,1080
2021-02-26,45,34,66,41,61,76,231,78,86,22,136,111,93,115,6,14,1215
2021-02-27,46,52,75,38,31,117,242,58,81,11,91,95,102,129,7,19,1194
2021-02-28,27,30,68,42,43,81,253,52,100,11,92,106,110,112,2,15,1144
2021-03-01,22,19,88,21,45,87,229,68,68,42,96,86,63,99,4,24,1061
2021-03-02,19,16,47,68,48,38,102,44,24,9,60,70,39,53,4,2,643
2021-03-03,20,13,24,35,13,28,142,40,17,6,31,28,46,42,5,13,503
2021-03-04,40,28,58,19,37,102,278,51,93,26,128,84,83,84,10,24,1145
2021-03-05,41,42,72,39,52,83,393,60,81,42,143,86,113,136,7,18,1408
2021-03-06,43,5,70,36,39,70,304,58,130,31,109,75,147,146,7,9,1279
2021-03-07,21,14,50,62,64,110,402,77,110,37,204,97,54,113,5,19,1439
2021-03-08,32,14,49,30,64,73,343,70,106,29,137,109,144,114,4,9,1327
2021-03-09,8,25,61,32,49,49,202,34,28,24,75,94,103,123,4,8,919
2021-03-10,15,62,12,51,23,35,190,21,25,9,71,55,62,70,3,4,708
2021-03-11,61,50,68,11,37,97,356,39,122,23,145,63,95,103,3,9,1282
2021-03-12,38,40,108,48,47,106,368,59,139,45,194,99,123,113,3,11,1541
2021-03-13,31,48,63,49,58,117,415,63,102,25,202,96,123,107,3,18,1520
2021-03-14,25,49,67,52,47,106,411,63,121,20,175,136,102,105,3,11,1493
2021-03-15,53,52,80,35,34,97,403,66,75,20,156,75,80,114,6,16,1362
2021-03-16,19,27,52,38,44,35,317,39,71,19,110,127,98,72,4,4,1076
2021-03-17,92,8,14,38,17,86,244,29,14,18,66,73,48,63,6,5,821
2021-03-18,79,45,71,27,60,95,418,71,87,19,136,108,106,87,6,11,1426
2021-03-19,55,44,64,54,55,113,531,83,156,58,195,136,126,97,2,5,1774
2021-03-20,47,37,73,56,60,146,515,111,175,46,203,120,114,139,13,17,1872
2021-03-21,39,35,56,55,50,96,533,70,172,60,177,132,151,99,8,12,1745
2021-03-22,36,28,62,50,60,93,385,78,197,29,141,132,141,94,8,13,1547
2021-03-23,16,43,70,37,66,42,325,44,151,33,88,91,50,66,2,9,1133
2021-03-24,18,13,39,42,22,46,223,48,28,17,84,97,57,42,6,12,794
2021-03-25,54,67,88,11,45,125,478,61,147,25,178,89,104,75,3,18,1568
2021-03-26,48,58,77,61,46,121,517,96,225,30,200,142,99,98,13,19,1850
2021-03-27,25,49,63,38,49,101,571,94,208,50,173,190,140,116,7,10,1884
2021-03-28,50,50,56,42,29,100,455,89,225,59,134,143,112,114,9,17,1684
2021-03-29,43,32,60,40,59,72,607,87,227,52,167,106,86,88,4,9,1739
2021-03-30,22,25,50,40,64,44,313,145,125,26,73,146,94,54,13,10,1244
2021-03-31,25,40,20,45,2,35,268,27,82,27,41,97,55,28,6,3,801
2021-04-01,92,83,77,31,17,175,513,63,169,21,217,126,118,124,11,7,1844
2021-04-02,46,62,62,66,86,154,634,81,268,48,189,129,230,114,3,12,2184
2021-04-03,33,41,66,54,51,131,643,94,257,60,224,185,90,85,6,10,2030
2021-04-04,39,56,66,55,68,111,578,98,224,30,217,122,103,113,9,10,1899
2021-04-05,25,50,65,48,29,60,515,33,200,17,113,115,40,54,6,5,1375
2021-04-06,18,44,23,65,29,21,342,11,51,8,93,81,33,26,3,9,857
2021-04-07,38,34,12,74,11,32,242,19,36,6,86,26,36,25,9,25,711
2021-04-08,79,68,70,35,60,118,630,100,123,22,241,175,103,115,26,15,1980
2021-04-09,47,93,78,85,60,159,655,120,287,50,229,148,133,108,8,13,2273
2021-04-10,35,45,80,69,41,130,545,133,264,50,131,243,151,145,10,29,2101
2021-04-11,43,68,63,99,38,132,695,107,221,68,129,126,84,124,10,17,2024
2021-04-12,48,59,72,67,49,88,529,95,234,42,134,140,79,85,27,21,1769
2021-04-13,27,76,63,99,45,62,513,65,129,40,86,147,50,58,5,13,1478
2021-04-14,20,42,30,67,12,69,340,40,90,14,71,89,32,23,0,14,953
2021-04-15,61,41,102,54,48,95,460,50,178,32,179,127,117,79,10,28,1661
2021-04-16,48,62,74,66,79,140,627,63,197,32,191,166,111,109,5,25,1995
2021-04-17,47,38,70,108,34,127,571,95,294,41,175,182,80,89,4,13,1968
2021-04-18,54,48,67,79,32,144,683,96,189,45,158,208,86,104,14,27,2034
2021-04-19,59,39,87,61,30,95,572,115,287,47,184,185,77,67,8,94,2007
2021-04-20,29,49,26,99,34,34,409,51,165,29,91,165,41,51,5,26,1304
2021-04-21,31,43,32,90,24,65,236,41,111,3,77,82,33,23,5,12,908
2021-04-22,68,45,80,52,34,133,471,89,147,27,136,171,66,68,21,23,1631
2021-04-23,70,58,99,72,46,121,596,77,269,31,158,211,55,107,16,36,2022
2021-04-24,49,21,68,61,42,144,532,100,190,27,133,195,108,84,10,39,1803
2021-04-25,61,46,63,57,47,127,549,79,184,39,102,209,79,83,9,12,1746
2021-04-26,57,21,64,48,49,114,663,73,145,41,94,169,65,86,5,18,1712
2021-04-27,82,27,17,76,31,29,288,37,129,18,82,102,16,52,10,32,1028
2021-04-28,16,22,34,101,7,39,265,30,73,10,25,64,29,6,3,30,754
2021-04-29,40,48,59,50,41,112,555,72,202,20,141,141,57,83,12,19,1652
2021-04-30,49,42,70,71,35,94,683,113,245,36,138,178,91,73,16,30,1964
2021-05-01,43,40,56,33,53,107,577,49,214,51,119,197,64,65,5,23,1696
2021-05-02,38,32,53,59,43,95,556,67,163,34,95,171,44,90,18,11,1569
2021-05-03,34,33,60,25,11,75,437,89,169,72,96,109,61,75,3,19,1368
2021-05-04,37,7,23,65,58,28,208,13,72,13,22,89,28,23,6,16,708
2021-05-05,24,7,17,95,9,36,206,23,17,8,60,46,15,42,32,19,656
2021-05-06,66,40,55,34,33,127,537,56,149,52,139,117,78,76,18,26,1603
2021-05-07,39,34,50,57,53,125,677,88,118,37,119,139,45,90,6,32,1709
2021-05-08,49,67,51,64,35,128,508,56,167,23,108,115,47,88,16,50,1572
2021-05-09,44,20,52,65,65,100,518,91,142,15,115,165,55,59,5,20,1531
2021-05-10,42,32,57,26,42,78,528,83,123,29,94,154,52,43,44,15,1442
2021-05-11,5,20,33,57,44,40,321,32,37,6,44,67,39,41,4,12,802
2021-05-12,13,5,13,54,11,26,204,25,19,5,28,54,25,36,21,34,573
2021-05-13,49,19,64,40,46,102,483,53,169,20,133,83,78,66,15,20,1440
2021-05-14,112,40,71,66,52,109,667,82,128,39,139,190,86,92,22,6,1901
2021-05-15,47,25,66,44,44,90,602,94,118,27,146,136,52,82,15,21,1609
2021-05-16,37,39,39,52,36,114,576,73,98,28,94,159,51,88,20,38,1542
2021-05-17,48,29,74,20,46,47,440,69,141,19,124,128,93,102,23,28,1431
2021-05-18,16,12,31,75,44,25,184,44,51,6,36,92,40,60,10,4,730
2021-05-19,22,2,17,51,16,23,266,49,50,9,59,58,38,39,13,8,720
2021-05-20,54,38,65,57,62,82,590,88,114,33,121,127,99,115,35,29,1709
2021-05-21,56,30,70,63,63,128,668,109,193,36,129,116,95,140,26,21,1943
2021-05-22,44,18,74,46,57,103,777,115,144,20,120,89,100,118,34,14,1873
2021-05-23,62,14,61,26,47,99,651,97,154,38,113,102,63,114,19,19,1679
2021-05-24,32,11,53,42,60,48,353,33,94,7,71,77,37,83,41,5,1047
2021-05-25,29,9,29,56,31,24,242,24,57,16,61,53,16,66,6,14,733
2021-05-26,14,1,8,71,15,26,252,40,40,3,58,48,74,62,28,8,748
2021-05-27,57,48,73,24,37,101,619,90,173,33,160,111,123,156,39,8,1852
2021-05-28,30,22,78,102,97,156,816,76,160,57,168,149,130,153,25,19,2238
2021-05-29,48,21,95,64,40,108,816,72,149,71,163,153,95,181,22,17,2115
2021-05-30,32,29,77,79,79,132,777,89,110,48,143,128,97,144,43,5,2012
2021-05-31,50,27,84,47,49,86,612,101,211,46,106,104,106,140,48,10,1827
2021-06-01,22,12,23,60,47,36,429,81,75,26,55,77,53,46,54,13,1109
2021-06-02,17,10,24,100,32,42,446,56,40,11,64,44,18,49,21,5,979
2021-06-03,59,30,71,45,93,131,634,98,137,47,130,77,108,143,53,18,1874
2021-06-04,58,31,61,31,76,117,804,104,133,50,147,114,83,108,45,8,1970
2021-06-05,51,15,69,65,68,149,858,119,151,66,145,127,115,147,28,13,2186
2021-06-06,51,23,75,72,94,139,794,90,100,39,151,124,138,109,33,9,2041
2021-06-07,61,20,42,11,57,102,785,92,135,42,137,119,103,96,31,9,1842
2021-06-08,25,12,51,31,72,90,492,61,98,32,74,82,64,71,25,4,1284
2021-06-09,30,7,17,13,31,55,373,50,35,8,45,41,58,37,25,12,837
2021-06-10,29,22,67,41,31,116,781,71,142,28,118,83,93,97,7,9,1735
2021-06-11,40,36,46,66,90,140,791,84,107,31,128,142,148,112,45,11,2017
2021-06-12,43,22,55,74,81,114,768,114,156,33,107,87,154,98,39,8,1953
2021-06-13,22,11,45,114,70,168,810,81,129,40,128,112,104,79,27,11,1951
2021-06-14,39,24,61,34,47,84,676,90,139,110,106,110,71,70,24,6,1691
2021-06-15,22,16,39,42,84,85,392,73,81,27,49,41,77,47,18,5,1098
2021-06-16,9,4,13,72,9,34,250,22,22,10,18,38,38,17,11,7,574
2021-06-17,31,31,81,56,57,98,599,58,112,20,113,113,92,86,25,3,1575
2021-06-18,32,21,67,71,71,134,585,91,142,21,101,111,166,83,33,12,1741
2021-06-19,29,35,74,56,71,120,554,85,142,26,82,104,106,79,44,4,1611
2021-06-20,37,25,39,55,69,135,512,60,122,14,109,106,77,30,19,7,1416
2021-06-21,21,19,43,20,85,108,511,62,96,25,98,83,63,71,22,9,1336
2021-06-22,7,8,23,20,42,57,330,23,48,18,54,86,66,38,6,3,829
2021-06-23,9,9,7,26,28,10,178,27,24,12,17,22,37,21,5,4,436
2021-06-24,26,13,23,55,18,31,180,13,40,7,33,37,19,15,4,1,515
2021-06-25,50,16,59,57,45,100,435,59,63,17,93,108,134,70,23,9,1338
2021-06-26,37,21,59,51,48,116,447,47,84,15,87,115,99,83,19,6,1334
2021-06-27,30,13,35,34,47,95,415,51,102,12,83,104,110,63,31,3,1228
2021-06-28,41,16,119,12,42,90,364,40,100,13,82,115,65,72,16,5,1192
2021-06-29,10,20,21,64,29,31,161,17,58,10,24,32,50,43,5,4,579
2021-06-30,8,2,7,51,17,27,98,14,30,6,15,25,27,18,3,6,354
2021-07-01,15,4,26,58,23,29,157,15,44,3,39,22,40,6,11,1,493
2021-07-02,32,14,52,42,25,68,286,36,83,16,90,83,109,57,13,11,1017
2021-07-03,29,15,64,71,58,95,272,51,64,11,57,83,98,52,8,2,1030
2021-07-04,24,11,34,6,40,62,289,38,66,17,76,70,111,42,19,2,907
2021-07-05,24,13,28,38,33,61,250,30,56,16,71,67,62,53,8,1,811
2021-07-06,14,6,7,33,36,37,133,8,20,8,27,32,34,55,2,3,455
2021-07-07,5,3,10,25,12,28,161,14,6,9,16,21,22,14,12,1,359
2021-07-08,27,24,54,53,33,57,222,28,68,18,74,42,79,52,22,0,853
