Region,Arica y Parinacota,Tarapacá,Antofagasta,Atacama,Coquimbo,Valparaíso,Metropolitana,O’Higgins,Maule,Ñuble,Biobío,Araucanía,Los Ríos,Los Lagos,Aysén,Magallanes,Arica y Parinacota,Tarapacá,Antofagasta,Atacama,Coquimbo,Valparaíso,Metropolitana,O’Higgins,Maule,Ñuble,Biobío,Araucanía,Los Ríos,Los Lagos,Aysén,Magallanes,Arica y Parinacota,Tarapacá,Antofagasta,Atacama,Coquimbo,Valparaíso,Metropolitana,O’Higgins,Maule,Ñuble,Biobío,Araucanía,Los Ríos,Los Lagos,Aysén,Magallanes
Categoria,cupos totales,cupos totales,cupos totales,cupos totales,cupos totales,cupos totales,cupos totales,cupos totales,cupos totales,cupos totales,cupos totales,cupos totales,cupos totales,cupos totales,cupos totales,cupos totales,usuarios en residencia,usuarios en residencia,usuarios en residencia,usuarios en residencia,usuarios en residencia,usuarios en residencia,usuarios en residencia,usuarios en residencia,usuarios en residencia,usuarios en residencia,usuarios en residencia,usuarios en residencia,usuarios en residencia,usuarios en residencia,usuarios en residencia,usuarios en residencia,residencias,residencias,residencias,residencias,residencias,residencias,residencias,residencias,residencias,residencias,residencias,residencias,residencias,residencias,residencias,residencias
2020-05-29,60,40,157,48,197,394,2359,99,58,56,175,120,135,128,48,83,29,32,86,34,77,71,706,0,39,22,119,89,47,43,0,23,1,2,3,2,6,7,32,2,2,2,5,2,6,5,3,5
2020-05-30,60,40,157,48,197,394,2359,99,58,56,175,120,135,128,48,83,29,32,86,34,77,71,706,0,39,22,119,89,47,43,0,23,1,2,3,2,6,7,32,2,2,2,5,2,6,5,3,5
2020-05-31,60,119,157,48,192,419,2236,94,72,54,213,198,128,112,31,83,31,45,93,32,65,121,842,1,59,21,139,113,7,75,3,14,1,4,3,2,6,8,31,2,3,2,7,2,5,6,3,5
2020-06-01,,,,,,,,,,,,,,,,,,,,,,,,,,,,,,,,,,,,,,,,,,,,,,,,
2020-06-02,60,119,157,48,192,418,2306,94,150,54,286,160,77,112,31,83,35,76,94,44,87,157,949,2,63,28,135,130,7,75,4,15,1,4,3,2,6,8,30,2,4,2,9,3,4,6,3,5
2020-06-03,60,119,157,48,190,543,2301,94,150,54,286,160,112,77,31,83,42,85,102,44,83,145,1117,3,64,27,123,130,82,14,4,15,1,4,3,2,6,8,31,2,4,2,9,3,6,4,3,5
2020-06-04,95,219,266,57,465,1742,3041,94,220,203,587,248,302,455,47,190,44,97,103,54,102,195,1150,9,75,36,179,138,20,101,6,16,3,8,4,2,8,19,38,3,5,3,15,3,10,6,3,6
2020-06-05,266,248,95,57,47,587,465,455,302,190,220,3041,203,1894,219,3342,48,111,147,55,102,208,1211,7,99,41,168,131,22,83,13,16,3,8,4,2,8,19,38,2,5,3,15,3,4,6,3,6
2020-06-06,162,235,266,60,465,2604,4434,1894,349,55,587,258,156,147,38,76,59,118,143,55,102,204,1416,26,99,47,158,164,23,75,14,16,4,10,4,2,6,19,38,3,10,3,10,3,4,6,3,5
2020-06-07,162,235,266,72,465,2604,4434,1894,349,69,587,258,156,147,38,76,87,131,145,54,103,208,1405,29,94,49,172,164,23,75,14,14,4,10,4,2,6,19,38,3,10,3,10,3,4,6,3,5
2020-06-08,162,235,266,72,465,2604,4434,1894,349,69,587,258,156,147,38,76,95,162,145,54,104,225,1375,31,102,50,196,195,31,75,13,23,4,10,4,2,6,19,38,3,10,3,10,3,4,6,3,5
2020-06-09,162,235,266,72,465,2604,4434,1894,349,69,587,258,156,147,38,76,127,164,145,54,130,237,1657,31,154,50,206,198,34,88,13,23,4,10,4,2,6,19,38,3,10,3,10,3,4,6,3,5
2020-06-10,163,313,266,72,465,2604,4434,1894,360,110,587,274,156,139,38,85,153,250,149,54,130,198,1567,32,152,56,240,212,34,88,13,32,3,8,5,2,6,19,37,3,7,4,12,4,4,6,3,6
2020-06-11,191,467,343,71,465,2604,4370,1894,360,210,587,330,156,139,38,85,165,310,220,65,131,266,1872,47,157,56,239,213,43,86,13,43,4,10,7,2,9,7,37,7,7,5,12,5,4,6,3,6
2020-06-12,191,467,343,71,465,2604,4370,1894,360,210,587,330,156,139,38,85,165,310,220,65,131,266,1872,47,157,56,239,213,43,86,13,43,4,10,7,2,9,7,37,7,7,5,12,5,4,6,3,6
2020-06-13,191,489,343,71,465,2604,4372,1894,360,210,517,330,156,139,38,85,183,326,230,65,133,262,2265,40,160,67,255,169,32,84,13,42,4,10,7,2,9,7,37,7,7,5,12,5,4,6,3,6
2020-06-14,218,491,343,134,447,2300,4421,1894,378,210,517,330,156,139,58,85,207,358,193,65,133,262,2074,40,130,91,335,182,34,84,37,42,4,10,7,2,9,7,37,7,7,5,12,5,4,6,3,6
2020-06-15,218,491,303,134,447,2200,4433,1894,383,210,539,330,156,139,58,85,207,381,180,51,163,262,2002,66,174,97,339,173,86,97,13,44,5,10,6,4,10,9,34,5,8,5,12,4,4,6,3,6
2020-06-16,218,491,303,134,447,2200,4456,1894,383,210,539,330,156,139,58,85,216,401,184,51,174,359,2063,71,270,113,376,201,34,93,7,48,5,10,6,4,10,9,34,5,8,5,12,4,4,6,3,6
2020-06-17,217,668,286,121,452,1785,3975,1780,453,204,539,332,152,241,23,73,216,401,184,51,173,359,2063,71,270,113,376,201,34,93,38,48,5,10,6,3,8,12,36,5,9,5,12,5,4,7,2,8
2020-06-18,239,651,285,287,452,1195,3924,1780,453,204,539,365,152,241,23,143,237,388,171,43,163,316,1687,75,280,108,357,201,34,114,4,55,6,10,6,6,8,11,35,4,9,5,12,6,4,7,2,8
2020-06-19,239,651,285,287,452,1348,3924,180,392,204,539,365,152,240,23,143,238,376,185,44,159,325,1888,84,265,121,347,203,41,116,1,53,6,10,6,3,8,10,33,4,8,5,12,6,4,7,2,7
2020-06-20,239,642,285,212,452,1017,3924,180,390,204,540,365,152,240,23,149,239,373,209,44,153,352,1949,83,266,131,352,203,40,117,2,63,6,11,6,5,8,10,33,4,9,5,13,6,4,6,2,8
2020-06-21,239,642,285,257,452,1017,3924,180,460,204,729,365,152,236,23,149,239,374,237,103,191,373,2171,106,239,142,351,206,55,120,2,64,6,11,6,6,8,10,32,4,10,5,14,6,4,6,2,8
2020-06-22,239,642,285,257,452,1017,3924,180,388,204,729,365,152,236,23,149,239,374,250,103,194,379,2187,106,229,149,405,206,55,117,4,76,6,11,6,6,8,10,32,4,10,5,14,6,4,6,2,8
2020-06-23,239,642,285,257,452,1017,3924,180,388,204,729,365,152,236,23,149,221,433,270,103,203,360,2152,107,251,189,430,206,63,114,4,83,6,11,6,6,8,10,32,4,10,5,14,6,4,6,2,8
2020-06-24,267,642,285,257,452,1091,3924,179,344,204,707,365,152,236,23,149,216,436,255,119,190,422,2184,118,241,192,399,206,75,119,5,90,8,11,6,6,8,12,32,4,10,5,13,6,4,6,2,8
2020-06-25,267,619,285,257,452,1091,3991,179,344,286,733,347,152,230,23,149,222,409,245,123,196,479,2323,98,228,189,563,201,81,117,10,103,8,11,6,6,8,12,32,4,10,5,13,6,4,6,2,8
2020-06-26,267,619,285,257,544,1091,3991,179,344,318,752,347,152,270,23,149,224,410,230,133,212,522,2144,117,236,180,551,211,81,112,9,99,8,10,6,6,10,12,33,4,10,6,16,6,4,7,2,8
2020-06-27,297,631,386,288,414,1196,3653,179,486,318,721,319,102,230,23,231,261,406,257,163,231,508,2359,122,362,191,583,174,61,122,9,96,10,10,8,6,8,12,34,4,10,6,16,4,3,6,2,10
2020-06-28,297,631,386,288,414,1140,3963,206,489,318,755,319,102,230,23,232,261,449,261,219,204,526,2306,133,364,190,577,186,62,121,11,115,10,10,8,6,8,12,34,5,10,6,17,4,3,6,2,10
2020-06-29,297,631,389,287,440,1146,3602,207,526,318,743,332,102,230,23,232,256,475,274,144,221,542,2268,144,374,196,594,193,61,118,10,109,10,10,8,6,8,12,34,5,10,6,16,4,3,6,2,10
2020-06-30,297,631,478,305,448,1145,3676,207,501,318,771,332,102,195,23,232,262,469,273,130,243,538,2161,144,379,181,581,185,52,112,10,108,10,10,8,6,8,12,34,5,10,6,17,4,3,6,2,10
2020-07-01,297,635,519,303,448,1112,3678,207,501,318,767,323,80,230,23,212,262,442,291,106,202,572,2137,135,335,181,558,203,48,110,10,103,10,10,9,6,8,12,34,5,10,6,17,4,3,6,2,9
2020-07-02,344,674,519,286,448,1151,3647,207,500,318,756,332,80,182,23,212,296,449,284,104,198,582,2074,143,339,162,483,227,51,85,13,103,11,11,9,6,8,12,33,5,10,6,17,5,3,5,2,9
2020-07-03,374,674,522,175,478,1151,3679,143,571,290,765,332,82,280,23,201,303,436,297,86,188,550,1984,115,379,131,486,232,48,91,14,94,12,11,9,6,8,12,33,5,10,6,17,5,3,6,2,8
2020-07-04,383,666,456,183,478,1206,3804,146,563,301,716,383,82,281,23,201,307,415,237,88,151,474,2298,117,296,149,337,222,45,101,14,90,12,11,10,6,8,11,34,5,10,6,16,6,3,6,2,8
2020-07-05,370,665,456,174,479,1246,3774,194,585,318,714,377,83,293,23,201,276,402,254,96,144,532,2151,129,288,152,470,219,52,107,12,83,10,11,10,6,8,11,34,5,11,6,15,6,3,6,2,8
2020-07-06,372,665,458,137,479,1206,3794,196,595,261,717,377,123,323,23,201,304,428,258,92,152,536,2084,110,315,161,467,239,48,133,12,77,10,11,10,4,8,11,34,5,11,6,15,6,3,7,2,8
2020-07-07,399,667,434,128,479,1206,3828,153,563,261,717,377,123,323,23,201,353,452,242,84,178,540,2011,114,296,238,486,240,52,142,10,76,11,11,9,3,8,11,34,2,10,7,15,6,3,7,2,8
2020-07-08,455,667,434,128,479,1207,3822,153,584,241,746,377,123,323,23,201,382,475,247,71,175,480,2037,117,367,210,475,241,44,139,10,80,11,11,9,3,8,11,34,3,12,5,16,6,3,7,2,8
2020-07-09,406,675,625,128,479,1206,3885,153,588,223,867,377,123,327,23,201,329,493,261,77,174,463,2062,117,396,191,485,240,50,136,7,78,10,11,10,3,8,11,35,3,12,5,17,6,3,7,2,8
2020-07-10,419,673,624,298,479,702,3885,198,588,241,867,377,123,331,23,201,332,523,271,81,189,463,2111,116,415,195,512,229,53,142,7,73,10,11,10,4,8,11,35,4,12,5,17,6,3,7,2,8
2020-07-11,427,673,628,297,505,701,3887,198,589,241,894,374,123,327,23,201,339,535,275,84,195,461,2121,141,403,199,542,212,61,153,10,40,10,11,10,4,8,11,35,4,12,6,17,6,3,7,2,8
2020-07-12,418,673,628,299,536,701,3895,197,587,261,894,378,123,327,23,184,346,523,308,102,225,456,2155,150,420,204,554,206,71,150,6,48,10,11,10,4,9,11,35,4,12,6,17,6,3,7,2,8
2020-07-13,430,673,658,299,540,701,3887,198,587,261,894,378,123,327,23,201,375,550,315,116,233,444,2210,128,426,207,560,191,63,153,7,40,10,11,11,4,9,11,35,4,12,6,17,6,3,7,2,8
2020-07-14,714,678,677,299,540,701,3887,199,587,261,810,378,123,329,23,185,511,552,345,112,236,436,2097,107,429,227,557,194,62,145,7,42,14,11,12,4,9,11,35,4,12,6,16,6,3,7,2,8
2020-07-15,491,682,673,299,540,701,3864,199,613,261,713,378,123,327,23,142,420,554,366,111,220,441,2058,121,435,230,525,200,60,156,11,33,12,11,12,4,9,11,35,4,13,6,14,6,3,7,2,8
2020-07-16,509,677,673,299,574,701,3868,199,614,261,713,378,123,327,23,142,398,543,375,120,232,390,2054,128,418,216,510,229,63,156,9,43,12,11,12,4,10,11,34,4,13,6,14,6,3,7,2,8
2020-07-17,508,677,673,299,574,701,3797,199,570,261,713,378,121,327,23,142,427,535,393,125,239,397,1987,128,428,191,497,220,72,158,10,48,12,11,12,4,10,11,34,4,13,6,14,6,3,7,2,8
2020-07-18,521,677,673,299,574,632,3797,198,570,261,815,339,121,348,23,142,420,548,369,125,242,405,1955,155,429,186,532,189,77,155,10,50,12,11,12,4,10,11,34,4,13,6,15,5,3,8,2,8
2020-07-19,530,677,673,299,574,1137,3797,198,572,261,829,340,143,348,23,93,414,534,379,133,234,416,1983,159,399,231,587,178,86,143,9,51,12,11,12,4,10,11,34,4,13,6,15,5,3,8,2,7
2020-07-20,530,677,673,299,574,1137,3797,198,572,278,829,340,143,357,23,93,431,512,383,133,235,416,1992,161,402,197,590,181,79,140,7,54,12,11,12,4,10,11,34,4,13,7,15,5,3,8,2,7
2020-07-21,569,677,689,299,607,1320,3797,198,575,279,829,340,143,357,23,85,425,501,379,133,225,417,1964,152,396,199,576,186,88,144,8,57,12,11,13,4,11,11,34,4,13,7,15,5,3,8,2,6
2020-07-22,577,677,689,299,597,1193,3798,198,573,279,829,340,143,369,23,85,414,492,367,126,218,389,1852,164,399,207,591,190,92,158,6,51,12,11,13,4,11,11,34,4,13,7,15,5,3,9,2,6
2020-07-23,590,677,689,299,607,1178,3795,198,610,279,829,340,143,369,23,85,442,466,347,129,233,397,1800,151,388,184,577,193,87,163,7,47,12,11,13,4,11,11,34,4,14,7,15,5,3,9,2,6
2020-07-24,591,677,689,299,607,1178,3804,198,610,284,829,340,143,370,23,85,461,437,350,135,270,402,1628,156,384,199,571,175,88,181,7,49,12,11,13,4,11,11,34,4,14,7,15,5,3,9,2,6
2020-07-25,723,769,689,299,614,1178,3805,198,607,284,900,340,143,377,23,85,554,410,342,167,285,427,1527,143,418,189,592,183,95,179,7,63,14,11,13,4,11,11,34,4,14,7,15,5,3,9,2,6
2020-07-26,726,769,689,299,615,1193,3779,198,603,260,924,340,143,374,23,85,575,422,351,161,278,424,1474,113,406,166,595,184,88,175,7,64,14,11,13,4,11,11,33,4,14,7,16,5,3,9,2,6
2020-07-27,723,769,689,299,615,1193,3699,198,604,284,924,340,143,377,23,85,579,453,341,164,312,439,1434,117,401,162,598,184,88,165,10,64,14,11,13,4,11,11,31,4,14,7,16,5,3,9,2,6
2020-07-28,722,769,689,299,615,1193,3574,198,603,284,924,340,143,377,23,85,532,526,316,175,299,418,1421,107,427,164,588,174,106,181,8,67,14,11,13,4,11,11,29,4,14,7,16,5,3,9,2,6
2020-07-29,715.0,769.0,689.0,299.0,615.0,1193.0,3.56,198.0,603.0,284.0,924.0,340.0,143.0,363.0,23.0,85.0,563.0,538.0,323.0,214.0,288.0,395.0,1344.0,92.0,422.0,157.0,577.0,151.0,108.0,185.0,12.0,64.0,14.0,11.0,13.0,4.0,11.0,11.0,28.0,4.0,14.0,7.0,16.0,5.0,3.0,8.0,2.0,6.0
2020-07-30,722,769,955,299,615,1193,3388,198,603,284,924,340,143,380,23,101,581,585,327,216,290,393,1258,88,407,143,571,156,104,187,12,70,14,11,14,4,11,11,27,4,14,7,16,5,3,9,2,8
2020-07-31,664,769,955,299,615,1193,3212,198,591,284,924,340,143,380,23,101,472,614,331,217,297,380,1238,99,382,130,579,149,109,212,12,76,12,11,14,4,11,11,26,4,14,7,16,5,3,9,2,8
2020-08-01,664,769,955,299,615,1193,3212,198,603,284,924,340,157,380,23,101,478,553,356,228,324,368,1216,99,367,128,607,176,99,217,12,69,12,11,14,4,11,11,26,4,14,7,16,5,4,9,2,8
2020-08-02,664,710,955,299,615,1193,3200,198,603,284,907,340,157,381,30,101,499,555,405,241,329,347,1253,107,357,135,603,190,99,209,13,69,12,10,14,4,11,11,25,4,14,7,15,5,4,9,2,8
2020-08-03,664,707,955,299,615,1193,3200,198,603,284,936,340,157,381,30,101,488,571,403,241,344,352,1262,104,349,132,602,193,101,221,13,69,12,10,14,4,11,11,25,4,14,7,16,5,4,9,2,8
2020-08-04,664,707,955,299,615,1193,3200,198,604,284,936,340,157,378,30,98,515,579,397,243,342,338,1209,93,331,128,596,190,110,214,13,61,12,10,14,4,11,11,25,4,15,7,16,5,4,9,2,8
2020-08-05,664,707,955,390,615,1193,3200,198,605,284,936,340,157,382,30,98,539,576,410,242,358,343,1144,97,304,122,593,210,114,208,10,60,12,10,14,4,11,11,25,4,15,7,16,5,4,9,2,8
2020-08-06,664,707,955,392,615,1193,3200,198,613,284,936,340,157,382,30,98,498,592,419,256,309,337,1210,110,291,132,579,218,119,221,10,62,12,10,14,4,11,11,25,4,15,7,16,5,4,9,2,8
2020-08-07,664,707,955,392,615,1320,3200,198,612,284,936,340,157,425,30,98,546,601,440,262,324,386,1126,112,271,132,589,213,117,200,9,61,12,10,14,4,11,11,25,4,15,7,16,5,4,10,2,8
2020-08-08,664,707,955,390,615,1155,3200,198,612,284,936,340,157,430,30,98,549,597,475,268,299,388,1167,117,297,144,595,216,117,216,9,53,12,10,14,4,11,9,25,4,15,7,16,5,4,10,2,8
2020-08-09,664,707,955,390,615,1155,3200,198,588,284,846,340,159,429,30,98,579,571,480,281,297,404,1146,124,298,154,528,219,119,217,10,53,12,10,14,4,11,9,25,4,15,7,15,5,4,10,2,8
2020-08-10,664,707,955,390,615,1155,3200,198,588,284,936,340,159,429,30,98,612,573,446,281,313,464,1176,126,337,164,655,230,114,211,11,56,12,10,14,4,11,9,25,4,15,7,16,5,4,10,2,8
2020-08-11,711,708,955,390,615,1155,3200,198,576,284,936,395,159,429,30,98,615,529,438,267,292,451,1126,120,326,173,640,226,118,209,14,42,13,10,14,4,11,9,25,4,14,7,16,6,4,10,2,8
2020-08-12,712,708,955,390,615,1155,3200,199,576,284,981,340,159,446,30,98,633,519,420,266,275,468,1072,115,326,190,615,238,105,203,13,47,13,10,14,4,11,9,25,4,14,7,16,5,4,11,2,8
2020-08-13,712,706,955,390,615,1156,3200,165,576,284,981,395,159,451,30,122,639,517,424,247,264,508,1041,119,326,199,595,248,110,201,13,54,13,10,14,4,11,9,25,4,14,7,16,6,4,11,2,9
2020-08-14,712,704,956,399,615,1156,2607,170,576,284,981,395,159,451,30,122,616,519,437,249,254,515,1032,115,335,210,611,289,108,197,13,58,13,10,14,4,11,9,24,4,14,7,16,6,4,11,2,9
2020-08-15,712,703,956,399,615,1154,2607,189,606,284,981,395,159,454,30,155,637,496,430,219,254,539,984,127,350,222,598,286,101,189,15,65,13,10,14,4,11,9,24,4,15,7,16,6,4,11,2,9
2020-08-16,768,675,956,399,615,1156,2607,189,594,284,941,395,159,454,30,155,653,514,427,225,270,534,991,136,335,227,603,277,100,169,14,76,14,9,14,4,11,9,24,4,14,7,15,6,4,11,2,9
2020-08-17,768,675,956,399,615,1156,2607,189,594,284,941,395,159,454,30,155,661,522,440,203,280,532,986,129,326,215,610,275,91,167,14,81,14,9,14,4,11,9,24,4,14,7,15,6,4,11,2,9
2020-08-18,768,662,956,399,615,1156,2607,189,594,284,941,395,159,454,30,155,673,447,400,210,269,486,932,124,292,211,602,256,84,166,12,69,14,9,14,4,11,9,24,4,14,7,15,6,4,11,2,9
2020-08-19,768,611,956,399,671,1156,2607,189,594,284,941,395,199,454,30,155,644,507,397,197,266,504,927,121,280,202,585,261,81,170,5,74,14,8,14,4,11,9,24,4,14,7,15,6,5,11,2,9
2020-08-20,782,611,956,399,640,1156,2607,235,594,284,941,395,199,454,30,155,604,496,363,187,268,479,1000,119,306,199,587,258,79,170,4,77,14,8,14,4,10,9,24,5,14,7,15,6,5,11,2,9
2020-08-21,782,611,956,399,640,1156,2608,235,594,284,941,395,199,454,30,155,622,502,311,185,270,491,931,132,306,197,613,247,93,152,4,81,14,8,14,4,10,9,24,5,14,7,15,6,5,11,2,9
2020-08-22,782,611,956,399,640,1156,2608,235,594,284,941,395,199,454,30,155,595,533,320,188,268,488,986,126,289,221,633,238,92,146,4,82,14,8,14,4,10,9,24,5,14,7,15,6,5,11,2,9
2020-08-23,735,611,956,399,640,1156,2608,235,594,284,941,395,199,454,30,155,582,531,319,175,281,461,986,135,314,242,636,255,87,145,4,105,13,8,14,4,10,9,24,5,14,7,15,6,5,11,2,9
2020-08-24,735,611,956,399,640,1156,2608,235,594,284,941,395,199,454,30,155,610,542,300,151,297,439,1041,137,311,246,663,250,91,150,4,109,13,8,14,4,10,9,24,5,14,7,15,6,5,11,2,9
2020-08-25,735,611,956,399,640,1154,2608,235,594,284,941,395,199,454,30,138,588,499,261,160,288,391,1043,152,330,237,665,239,82,151,5,104,13,8,14,4,10,9,24,5,14,7,15,6,5,11,2,9
2020-08-26,735,611,956,399,640,1154,2608,235,594,284,941,395,199,454,30,138,604,473,262,160,286,368,1014,161,342,241,652,223,90,147,18,104,13,8,14,4,10,9,24,5,14,7,15,6,5,11,2,9
2020-08-27,735,611,956,399,640,1154,2608,235,594,284,941,395,199,454,30,138,604,476,297,145,290,335,1043,163,323,262,656,228,83,144,16,106,13,8,14,4,10,9,24,5,14,7,15,6,5,11,2,9
2020-08-28,735,611,956,399,640,1153,2670,235,594,284,941,395,199,454,30,138,585,477,333,129,298,328,1053,169,328,286,670,260,84,142,23,113,13,8,14,4,10,9,24,5,14,7,15,6,5,11,2,9
2020-08-29,735,611,956,399,644,1153,2676,235,594,284,941,395,199,454,30,150,539,501,357,129,316,330,1039,172,332,279,661,251,80,141,25,101,13,8,14,4,10,9,24,5,14,7,15,6,5,11,2,9
2020-08-30,735,611,956,399,644,1153,2593,235,594,284,941,395,199,454,45,150,531,497,391,125,327,349,1116,168,333,292,662,245,87,159,28,98,13,8,14,4,10,9,22,5,14,7,15,6,5,11,3,9
2020-08-31,735,611,934,399,644,1153,2593,235,594,284,941,395,199,454,45,155,536,568,407,116,326,331,1154,169,337,289,668,229,82,164,33,98,13,8,13,4,10,9,22,5,14,7,15,6,5,11,3,9
2020-09-01,735,611,934,399,644,1153,2550,235,594,284,941,395,199,454,45,155,489,540,385,118,312,308,1146,160,326,275,646,215,81,223,33,79,13,8,13,4,10,9,21,5,14,7,15,6,5,11,3,9
2020-09-02,735,611,894,399,652,1153,2550,235,594,284,941,395,178,454,45,155,441,545,373,115,290,309,1115,148,322,247,634,222,86,222,33,77,13,8,12,4,10,9,21,5,14,7,15,6,4,11,3,9
2020-09-03,735,611,894,399,652,1153,2516,235,594,309,941,395,178,454,45,155,440,552,384,94,252,341,840,149,325,259,617,208,93,239,31,77,13,8,12,4,10,9,21,5,14,8,15,6,4,11,3,9
2020-09-04,735,611,894,399,652,1153,2516,235,594,309,941,395,178,454,45,155,436,531,411,83,245,379,807,131,329,222,624,216,95,240,31,73,13,8,12,4,10,9,21,5,14,8,15,6,4,11,3,9
2020-09-05,735,711,894,399,652,1153,2500,235,594,309,941,395,178,454,45,155,445,550,403,81,232,374,779,133,335,231,636,294,101,247,26,76,13,9,12,4,10,9,20,5,14,8,15,6,4,11,3,9
2020-09-06,735,711,894,399,652,1153,2500,235,594,309,941,395,178,425,45,155,465,550,418,80,228,391,781,150,376,235,646,309,99,239,26,75,13,9,12,4,10,9,20,5,14,8,15,6,4,10,3,9
2020-09-07,735,711,894,399,652,1153,2488,235,594,309,941,395,178,425,45,155,544,583,424,76,212,395,761,152,390,242,652,316,91,240,18,86,13,9,12,4,10,9,20,5,14,8,15,6,4,10,3,9
2020-09-08,735,711,894,399,652,1153,2488,235,594,309,941,395,178,425,45,155,517,535,394,72,196,372,771,135,382,239,665,285,88,262,16,87,13,9,12,4,10,9,20,5,14,8,15,6,4,10,3,9
2020-09-09,735,711,894,288,652,1153,2488,235,594,309,941,395,178,425,45,155,522,521,328,77,197,364,747,132,367,229,644,308,106,253,15,94,13,9,12,4,10,9,20,5,14,8,15,6,4,10,3,9
2020-09-10,735,741,894,288,652,1153,2488,235,599,309,941,395,178,425,45,155,530,505,349,75,189,388,725,140,360,248,639,314,108,219,15,93,13,9,12,4,10,9,20,5,14,8,15,6,4,10,3,9
2020-09-11,735,741,894,288,652,1153,2488,235,599,309,941,395,178,425,47,155,506,523,334,101,178,394,711,147,385,280,642,269,110,193,23,97,13,9,12,4,10,9,20,5,14,8,15,6,4,10,3,9
2020-09-12,735,741,894,288,652,1153,2488,235,599,309,941,395,178,425,47,155,502,581,346,154,163,403,710,150,380,275,650,268,115,205,26,70,13,9,12,4,10,9,20,5,14,8,15,6,4,10,3,9
2020-09-13,735,741,894,288,652,1153,2488,235,599,309,941,395,178,425,47,155,498,594,319,158,190,404,720,147,390,266,651,278,126,216,31,71,13,9,12,4,10,9,20,5,14,8,15,6,4,10,3,9
2020-09-14,735,741,894,288,652,1153,2488,235,599,309,941,395,178,425,47,155,518,629,286,162,189,385,758,145,386,271,630,285,126,219,30,69,13,9,12,4,10,9,20,5,14,8,15,6,4,10,3,9
2020-09-15,735,741,894,288,652,1153,2488,235,599,309,1043,395,178,454,47,155,489,609,262,157,177,368,703,134,360,262,583,282,139,220,38,65,13,9,12,4,10,9,20,5,14,8,16,6,4,11,3,9
2020-09-16,735,741,900,288,652,1153,2488,235,599,309,1043,395,178,454,47,155,452,592,236,144,177,393,682,135,335,238,587,277,137,208,35,63,13,9,12,4,10,9,20,5,14,8,16,6,4,11,3,9
2020-09-17,717,748,900,288,652,1153,2488,235,599,332,1043,395,178,454,47,155,446,611,247,163,168,398,700,133,306,251,575,261,134,213,31,71,12,9,12,4,10,9,20,5,14,9,16,6,4,11,3,9
2020-09-18,717,748,900,288,652,1153,2488,235,632,332,1043,395,178,454,47,164,428,641,245,163,165,400,725,136,296,239,581,246,126,213,34,72,12,9,12,4,10,9,20,5,15,9,16,6,4,11,3,9
2020-09-19,717,748,900,288,652,1153,2488,235,632,332,1043,395,178,454,47,164,406,666,256,167,174,375,746,125,285,215,556,225,125,194,35,77,12,9,12,4,10,9,20,5,15,9,16,6,4,11,3,9
2020-09-20,717,758,900,288,652,1153,2488,235,632,332,1043,395,178,454,47,164,414,693,240,163,176,371,730,120,279,196,538,221,119,188,33,74,12,9,12,4,10,9,20,5,15,9,16,6,4,11,3,9
2020-09-21,717,810,900,288,652,1155,2488,235,599,333,1043,395,178,454,45,224,385,748,235,153,177,354,758,123,305,195,531,220,120,185,32,111,12,10,12,4,10,9,20,5,14,9,16,6,4,11,3,11
2020-09-22,717,810,900,288,652,1153,2488,235,632,333,1043,395,178,418,47,226,368,695,211,147,139,320,686,124,304,170,538,209,116,196,33,105,12,10,12,4,10,9,20,5,15,9,16,6,4,10,3,11
2020-09-23,717,810,900,288,652,1153,2488,235,632,333,1043,395,178,418,47,226,335,716,261,135,128,347,705,130,332,170,569,212,128,186,34,105,12,10,12,4,10,9,20,5,15,9,16,6,4,10,3,11
2020-09-24,717,810,900,288,652,1153,2488,235,632,333,1043,395,178,418,76,226,333,715,305,120,115,341,696,140,355,177,596,232,128,175,37,107,12,10,12,4,10,9,20,5,15,9,16,6,4,10,4,11
2020-09-25,784,810,900,288,652,1163,2476,235,632,333,1043,395,178,418,76,226,377,703,304,119,108,366,722,160,393,205,626,249,140,175,44,125,13,10,12,4,10,10,20,5,15,9,16,6,4,10,4,11
2020-09-26,784,1010,900,288,652,1153,2476,252,632,333,1043,455,178,418,76,226,394,777,309,115,114,367,772,160,423,222,674,260,142,172,42,118,13,11,12,4,10,9,20,6,15,9,16,7,4,10,4,11
2020-09-27,784,926,900,288,652,1153,2476,252,632,333,1043,454,178,418,76,226,443,895,332,112,111,378,822,179,451,250,726,258,131,169,37,135,13,10,12,4,10,9,20,6,15,9,16,7,4,10,4,11
2020-09-28,784,997,900,288,652,1153,2476,252,632,333,1043,454,178,418,76,226,479,993,400,112,100,368,838,175,469,275,711,293,138,177,38,139,13,10,12,4,10,9,20,6,15,9,16,7,4,10,4,11
2020-09-29,784,997,900,288,652,1153,2476,252,632,333,1043,454,178,418,76,226,476,915,392,78,87,367,792,161,459,278,712,300,136,171,36,144,13,10,12,4,10,9,20,6,15,9,16,7,4,10,4,11
2020-09-30,784,1097,900,288,652,1153,2193,252,632,333,1043,454,178,418,76,226,399,1007,450,89,91,382,769,159,462,253,714,305,136,163,38,151,13,10,12,4,10,9,18,6,15,9,16,7,4,10,4,11
2020-10-01,795,1097,900,288,587,1153,2063,252,632,333,1043,454,209,373,76,226,396,1026,461,87,91,401,826,152,429,246,758,300,135,168,34,137,13,10,12,4,9,9,16,6,15,9,16,7,5,9,4,11
2020-10-02,795,1097,759,288,587,1153,2063,252,632,333,1043,454,209,373,76,226,432,1092,448,85,100,420,845,152,412,241,760,260,148,178,35,143,13,10,9,4,9,9,16,6,15,9,16,7,5,9,4,11
2020-10-03,795,1197,759,288,587,1153,2063,252,632,333,1043,454,209,373,76,226,449,1079,453,95,106,432,837,153,421,240,760,239,154,186,35,156,13,10,9,4,9,9,16,6,15,9,16,7,5,9,4,11
2020-10-04,795,1297,759,288,587,1153,2063,252,632,333,1043,454,209,373,76,226,511,1267,486,92,116,438,847,309,407,246,800,247,153,195,31,147,13,10,9,4,9,9,16,6,15,9,16,7,5,9,4,11
2020-10-05,795,1297,759,288,587,1153,2063,252,632,333,1043,454,209,373,76,226,525,1286,496,96,116,425,801,122,405,231,786,249,153,201,31,148,13,10,9,4,9,9,16,6,15,9,16,7,5,9,4,11
2020-10-06,795,1311,759,288,587,1153,2063,252,632,333,1043,454,209,373,76,226,565,1299,461,94,111,382,792,103,379,223,756,224,154,210,31,132,13,10,9,4,9,9,16,6,15,9,16,7,5,9,4,11
2020-10-07,614,1311,759,288,587,1153,2115,252,632,333,1058,454,209,373,76,226,453,1364,415,101,109,377,783,95,346,214,704,222,152,210,23,111,11,10,9,4,9,9,17,6,15,9,17,7,5,9,4,11
2020-10-08,588,1420,759,288,587,1153,1935,252,632,333,1058,454,209,373,76,226,456,1511,377,101,103,391,761,100,341,200,654,219,137,204,22,118,10,10,9,4,9,9,15,6,15,9,17,7,5,9,4,11
2020-10-09,588,1420,759,288,516,1153,2000,252,632,333,1058,454,209,373,76,226,426,1375,372,115,96,392,763,100,347,189,632,221,136,202,17,124,10,10,9,4,8,9,15,6,15,9,17,7,5,9,4,11
2020-10-10,612,1420,759,288,516,1156,2000,252,632,333,1058,454,209,401,76,226,368,1386,363,114,88,342,864,90,365,186,656,241,124,219,21,126,10,10,9,4,8,9,15,6,15,9,17,7,5,10,4,11
2020-10-11,612,1420,759,288,516,1156,2000,252,632,333,1058,454,209,401,76,226,934,1473,401,127,79,349,853,91,372,185,695,259,110,233,33,141,10,10,9,4,8,9,15,6,15,9,17,7,5,10,4,11
2020-10-12,612,1420,759,288,516,1156,2000,252,632,333,1058,454,209,401,76,226,363,1286,358,168,80,328,798,88,375,194,689,287,128,233,45,149,10,10,9,4,8,9,15,6,15,9,17,7,5,10,4,11
2020-10-13,612,1420,759,288,516,1156,2000,252,632,333,1058,454,209,401,76,226,346,1318,339,181,92,302,752,87,375,194,695,286,118,220,47,151,10,10,9,4,8,9,15,6,15,9,17,7,5,10,4,11
2020-10-14,612,1422,759,288,516,1156,2000,252,632,333,1058,454,209,401,76,305,365,1292,269,185,98,277,749,89,358,190,678,281,114,207,48,155,10,10,9,4,8,9,15,6,15,9,17,7,5,10,4,12
2020-10-15,612,1422,759,288,516,1156,2000,283,632,333,1058,454,209,401,76,305,371,1335,290,172,84,267,746,97,314,185,659,285,119,218,50,171,10,10,9,4,8,9,15,7,15,9,17,7,5,10,4,12
2020-10-16,612,1650,759,288,516,1156,2000,283,632,333,1058,454,299,401,76,305,344,1383,285,171,78,236,721,104,301,175,649,309,131,225,48,169,10,11,9,4,8,9,15,7,15,9,17,7,6,10,4,12
2020-10-17,612,1633,759,288,516,1156,1995,238,632,333,1058,454,299,401,76,305,329,1484,285,167,78,244,698,99,292,174,676,310,127,240,45,168,10,11,9,4,8,9,15,6,15,9,17,7,6,10,4,12
2020-10-18,612,1633,759,288,516,1154,1995,238,632,333,1058,454,299,401,76,305,369,1600,274,169,79,224,695,111,299,179,688,322,122,246,42,188,10,11,9,4,8,9,15,6,15,9,17,7,6,10,4,12
2020-10-19,612,1633,759,288,516,1154,1995,238,632,333,1058,454,299,401,76,305,347,1458,269,157,78,220,689,117,288,186,681,309,123,259,32,184,10,11,9,4,8,9,15,6,15,9,17,7,6,10,4,12
2020-10-20,583,1653,759,288,516,1154,1995,238,632,333,1058,454,299,401,76,388,354,1464,246,103,59,201,550,124,286,194,686,299,112,254,26,187,9,11,9,4,8,9,15,6,15,9,17,7,6,10,4,13
2020-10-21,583,1678,759,288,516,1154,1999,238,632,333,1058,454,299,401,76,388,373,1426,214,98,45,188,531,133,257,188,660,300,116,244,30,181,9,11,9,4,8,9,15,6,15,9,17,7,6,10,4,13
2020-10-22,583,1678,759,288,516,1040,1999,238,632,333,1058,454,299,401,76,388,365,1559,215,95,48,215,403,146,251,198,660,312,118,236,40,154,9,11,9,4,8,9,15,6,15,9,17,7,6,10,4,13
2020-10-23,583,1678,759,288,416,1040,1999,238,632,333,1058,453,299,401,105,394,380,1632,190,91,39,243,415,150,240,193,668,333,127,239,42,132,9,11,9,4,7,9,15,6,15,9,17,7,6,10,5,13
2020-10-24,583,1918,759,288,371,1040,1999,238,632,333,1058,453,299,401,105,394,377,1748,197,76,38,241,411,149,259,200,701,317,128,233,38,139,9,11,9,4,6,9,15,6,15,9,17,7,6,10,5,13
2020-10-25,583,1918,759,288,371,1040,1999,238,632,333,1058,453,299,401,105,394,389,1778,214,80,43,246,425,144,277,192,709,300,128,273,37,168,9,11,9,4,6,9,15,6,15,9,17,7,6,10,5,13
2020-10-26,583,1918,759,288,340,1040,1999,238,632,333,1058,452,299,401,105,394,384,1887,192,80,45,244,389,139,308,209,697,296,124,265,34,156,9,11,9,4,5,9,15,6,15,9,17,7,6,10,5,13
2020-10-27,583,1918,759,288,340,1040,1886,238,632,333,1058,452,299,401,105,394,349,1716,185,65,44,234,337,132,306,185,679,304,125,261,37,157,9,11,9,4,5,9,14,6,15,9,17,7,6,10,5,13
2020-10-28,583,1918,759,288,340,1040,1886,238,632,333,1058,452,299,401,105,394,358,1808,255,61,56,218,342,132,262,188,673,309,135,260,38,167,9,11,9,4,5,9,14,6,15,9,17,7,6,10,5,13
2020-10-29,583,2044,759,288,340,1040,1886,238,632,333,1058,452,299,401,105,423,369,1898,274,57,65,229,390,122,222,189,665,305,150,269,42,145,9,11,9,4,5,9,14,6,15,9,17,7,6,10,5,13
2020-10-30,583,2044,759,288,340,1040,1886,238,632,333,1058,452,299,401,105,423,359,1828,282,47,75,197,476,117,222,191,663,306,162,264,45,158,9,11,9,4,5,9,14,6,15,9,17,7,6,10,5,13
2020-10-31,583,2143,759,288,340,1040,1886,238,632,333,1058,452,299,401,105,423,325,1814,305,132,71,172,582,93,258,167,668,284,209,269,45,147,9,12,9,4,5,9,14,6,15,9,17,7,6,10,5,13
2020-11-01,583,2282,759,288,340,756,1886,238,632,333,1058,452,299,401,105,423,331,1841,292,133,71,168,584,87,250,172,647,285,218,273,44,169,9,13,9,4,5,7,14,6,15,9,17,7,6,10,5,13
2020-11-02,583,2282,759,288,272,756,1886,238,632,333,1058,487,299,401,105,423,286,1775,283,119,74,183,577,89,251,157,640,271,208,283,44,162,9,13,9,4,5,7,14,6,15,9,17,8,6,10,5,13
2020-11-03,583,1941,759,288,272,756,1886,238,632,333,1058,487,299,507,105,423,364,1877,263,120,67,193,558,84,251,142,622,265,222,259,46,156,9,13,9,4,5,7,14,6,15,9,17,8,6,11,5,13
2020-11-04,583,2058,759,288,272,756,1886,238,632,333,1058,487,299,505,105,423,291,1985,255,115,72,179,579,88,268,124,619,275,235,251,47,156,9,14,9,4,5,7,14,6,15,9,17,8,6,11,5,13
2020-11-05,583,2138,759,288,272,756,1886,238,632,333,1058,490,294,505,105,423,278,1994,244,115,70,181,591,84,269,134,616,300,231,249,49,161,9,14,9,4,5,7,14,6,15,9,17,8,6,11,5,13
2020-11-06,583,2116,759,288,272,756,1886,238,632,333,1058,490,294,505,105,372,312,1371,261,103,68,205,572,87,273,138,629,335,224,228,57,190,9,14,9,4,5,7,14,6,15,9,17,8,6,11,5,12
2020-11-07,583,2107,759,288,272,756,1886,238,632,333,1058,490,294,505,105,372,316,1249,257,101,76,179,576,86,281,121,679,331,226,232,51,181,9,14,9,4,5,7,14,6,15,9,17,8,6,11,5,12
2020-11-08,537,2107,759,288,230,756,1886,238,632,333,1058,490,294,505,105,372,326,1163,291,85,77,183,631,82,290,127,724,323,212,238,44,185,7,14,9,4,4,7,14,6,15,9,17,8,6,11,5,12
2020-11-09,537,1977,759,288,230,756,1886,238,632,333,1058,490,294,505,105,372,343,1598,296,85,82,164,516,76,290,135,730,317,222,234,50,170,7,13,9,4,4,7,14,6,15,9,17,8,6,11,5,12
2020-11-10,537,2077,759,288,230,756,1886,238,632,333,1058,490,294,505,105,372,326,1652,218,94,77,156,419,77,239,159,699,308,205,229,48,175,7,13,9,4,4,7,14,6,15,9,17,8,6,11,5,12
2020-11-11,537,2007,759,288,230,758,1886,238,632,333,1058,490,294,505,105,372,335,1639,208,80,67,156,431,77,219,165,706,331,215,221,46,164,7,13,9,4,4,7,14,6,15,9,17,8,6,11,5,12
2020-11-12,537,2100,759,288,230,758,1886,238,632,333,1058,490,294,505,105,372,353,1594,196,40,74,171,433,90,226,162,739,341,216,199,48,174,7,14,9,4,4,7,14,6,15,9,17,8,6,11,5,12
2020-11-13,537,2036,759,288,230,758,1886,238,632,333,1058,490,294,505,105,372,371,1592,244,48,82,174,429,95,245,168,782,340,242,212,52,169,7,14,9,4,4,7,14,6,15,9,17,8,6,11,5,12
2020-11-14,537,2036,759,288,230,758,1886,238,632,333,1058,490,294,505,105,372,357,1537,287,73,91,195,418,100,260,169,798,331,239,214,44,163,7,14,9,4,4,7,14,6,15,9,17,8,6,11,5,12
2020-11-15,537,2024,759,288,230,758,1886,238,609,333,1058,490,294,505,105,372,358,1421,244,61,94,199,427,95,242,177,811,325,231,235,44,160,7,14,9,4,4,7,14,6,14,9,17,8,6,11,5,12
2020-11-16,537,2028,732,288,230,758,1886,238,609,333,1058,490,294,505,105,372,337,1645,229,64,88,203,440,100,263,196,791,306,218,222,43,136,7,14,8,4,4,7,14,6,14,9,17,8,6,11,5,12
2020-11-17,537,1937,732,195,230,758,1886,238,609,333,1058,489,294,505,105,372,327,1444,223,64,67,204,421,104,264,186,801,295,220,223,51,140,7,13,8,2,4,7,14,6,14,9,17,8,6,11,5,12
2020-11-18,537,1991,732,195,205,758,1886,238,609,333,1058,489,294,505,105,372,313,1557,213,70,88,197,436,100,262,192,841,299,212,236,53,160,7,13,8,2,4,7,14,6,14,9,17,8,6,11,5,12
2020-11-19,537,1989,732,195,205,758,1886,238,609,333,1058,489,294,505,105,372,324,1659,230,70,78,223,442,107,284,201,859,326,199,249,50,111,7,13,8,2,4,7,14,6,14,9,17,8,6,11,5,12
2020-11-20,537,1989,732,195,205,758,1886,238,609,333,1058,489,294,505,105,372,333,1685,228,72,68,257,446,107,276,223,832,330,218,271,47,141,7,13,8,2,4,7,14,6,14,9,17,8,6,11,5,12
2020-11-21,537,1968,732,195,205,757,1886,238,609,333,1058,489,294,505,105,372,316,1464,251,78,72,241,444,106,276,208,846,326,219,273,49,141,7,13,8,2,4,7,14,6,14,9,17,8,6,11,5,12
2020-11-22,537,2006,732,195,205,757,1886,238,609,333,1058,473,294,505,105,372,302,1653,227,85,64,245,450,104,257,234,869,340,216,283,52,178,7,13,8,2,4,7,14,6,14,9,17,8,6,11,5,12
2020-11-23,537,2004,732,195,205,756,1886,207,609,333,1058,473,294,505,105,372,292,1736,227,85,67,209,461,102,236,248,842,314,209,296,49,184,7,13,8,2,4,7,14,5,14,9,17,8,6,11,5,12
2020-11-24,537,1970,732,195,205,756,1886,207,609,333,1058,474,294,505,105,372,247,1355,214,68,67,196,449,100,222,241,825,292,195,272,46,191,7,13,8,2,4,7,14,5,14,9,17,8,6,11,5,12
2020-11-25,537,1964,732,195,205,757,1886,207,609,333,1058,473,294,505,105,372,227,1409,210,41,60,202,426,102,249,247,789,310,183,283,29,195,7,13,8,2,4,7,14,5,14,9,17,8,6,11,5,12
2020-11-26,393,1964,687,195,205,757,1886,207,609,333,1058,473,330,505,105,372,215,1430,214,24,75,181,431,101,252,246,764,337,215,295,35,192,6,13,7,2,4,7,14,5,14,9,17,8,7,11,5,12
2020-11-27,393,1921,687,195,205,757,1886,207,609,333,1058,473,330,505,109,372,221,1503,225,22,73,169,452,90,239,261,795,316,219,287,31,200,6,13,7,2,4,7,14,5,14,9,17,8,7,11,5,12
2020-11-28,393,1921,687,195,205,574,1886,207,609,333,1058,473,330,523,109,372,236,1402,235,23,83,178,475,98,264,253,814,316,230,277,29,196,6,13,7,2,4,6,14,5,14,9,17,8,7,12,5,12
2020-11-29,393,1893,687,195,205,574,1886,207,609,333,1058,473,330,523,109,372,222,1357,259,21,95,175,492,96,248,250,840,320,246,301,26,191,6,13,7,2,4,6,14,5,14,9,17,8,7,12,5,12
2020-11-30,393,1915,687,195,205,574,1886,207,609,347,1058,473,330,523,109,372,214,1465,222,21,115,153,491,99,251,245,827,301,231,300,27,188,6,13,7,2,4,6,14,5,14,9,17,8,7,12,5,12
2020-12-01,300,1915,687,195,205,574,1677,146,609,371,1058,473,330,523,109,404,194,1330,202,14,118,142,872,93,247,217,848,275,203,281,34,178,6,13,7,2,4,6,12,4,14,10,17,8,7,12,5,12
2020-12-02,300,1985,687,195,205,573,1601,190,609,266,1058,507,330,523,109,404,201,1398,201,15,119,137,478,95,229,199,834,286,221,265,38,169,6,13,7,2,4,6,11,5,14,9,17,9,7,12,5,12
2020-12-03,300,1995,687,195,205,573,1601,190,609,266,1058,507,330,523,96,404,199,1591,202,19,119,140,504,117,238,197,833,290,223,279,36,164,6,13,7,2,4,6,11,5,14,9,17,9,7,12,4,12
2020-12-04,300,2021,687,195,205,573,1443,190,609,267,1058,507,330,523,96,404,214,1639,189,22,125,153,500,103,239,175,832,286,229,256,32,154,6,13,7,2,4,6,10,5,14,9,17,9,7,12,4,12
2020-12-05,300,1947,687,195,215,573,1443,190,609,267,1090,507,330,523,96,404,207,1303,193,15,121,150,537,106,222,167,814,302,237,262,34,156,6,13,7,2,4,6,10,5,14,9,17,9,7,12,4,12
2020-12-06,300,1832,687,195,225,573,1443,190,609,267,1090,507,330,523,96,404,207,1399,169,15,119,158,521,115,225,170,816,327,245,265,34,164,6,13,7,2,4,6,10,5,14,9,17,9,7,12,4,12
2020-12-07,300,1832,687,195,225,573,1443,190,609,267,1090,507,330,523,96,404,219,1341,162,15,121,167,534,116,244,181,776,303,210,252,31,151,6,13,7,2,4,6,10,5,14,9,17,9,7,12,4,12
2020-12-08,300,1808,687,195,225,573,1443,190,609,267,1090,507,330,523,96,404,206,1152,179,14,138,170,516,129,245,181,775,284,202,233,34,148,6,13,7,2,4,6,10,5,14,9,17,9,7,12,4,12
2020-12-09,300,1808,687,195,260,573,1443,190,609,267,1090,507,330,523,96,404,181,1344,170,16,133,163,536,124,269,186,767,300,223,234,31,152,6,13,7,2,4,6,10,5,14,9,17,9,7,12,4,12
2020-12-10,300,1803,687,195,260,573,1443,190,609,267,1090,507,330,523,96,404,183,1288,171,30,122,166,539,96,297,186,763,312,227,207,33,142,6,13,7,2,4,6,10,5,14,9,17,9,7,12,4,12
2020-12-11,300,1744,687,195,260,573,1443,190,632,267,1185,507,330,523,96,404,194,1360,168,30,119,168,588,108,321,188,798,345,237,233,33,140,6,13,7,2,4,6,10,5,15,9,17,9,7,12,4,12
2020-12-12,300,1814,687,195,260,573,1443,190,632,267,1185,509,330,523,96,404,220,1598,166,42,133,149,591,111,348,184,770,340,241,215,28,139,6,13,7,2,4,6,10,5,15,9,17,9,7,12,4,12
2020-12-13,300,1875,687,195,260,573,1443,190,632,267,1185,510,330,523,96,404,232,1727,146,43,143,155,599,104,362,175,773,318,230,229,24,147,6,13,7,2,4,6,10,5,15,9,17,9,7,12,4,12
2020-12-14,300,1861,687,195,260,573,1443,190,632,267,1185,512,330,523,96,404,238,1720,148,43,145,149,624,107,364,170,801,316,228,227,26,154,6,13,7,2,4,6,10,5,15,9,17,9,7,12,4,12
2020-12-15,308,1676,687,195,260,573,1443,190,632,267,1185,511,330,523,96,404,214,1764,153,34,131,153,631,99,334,170,822,298,199,199,26,146,6,13,7,2,4,6,10,5,15,9,17,9,7,12,4,12
2020-12-16,308,1689,687,195,260,573,1443,190,632,267,1185,511,330,523,96,404,238,1648,161,31,143,161,640,99,322,169,807,310,226,199,36,141,6,13,7,2,4,6,10,5,15,9,17,9,7,12,4,12
2020-12-17,308,1726,687,195,260,573,1443,190,632,267,1185,511,330,523,96,404,237,1717,146,34,156,159,641,106,334,176,820,349,232,223,51,136,6,13,7,2,4,6,10,5,15,9,17,9,7,12,4,12
2020-12-18,308,1871,687,195,260,573,1443,190,632,267,1185,511,330,523,96,404,248,1689,187,35,155,183,667,106,318,180,849,313,248,240,51,134,6,13,7,2,4,6,10,5,15,9,17,9,7,12,4,12
2020-12-19,308,2049,687,195,260,573,1443,190,632,267,1185,511,330,523,96,404,233,1661,228,37,162,167,666,117,346,167,839,303,259,252,48,132,6,13,7,2,4,6,10,5,15,9,17,9,7,12,4,12
2020-12-20,308,2049,687,195,310,573,1443,190,632,267,1185,509,330,523,96,404,244,1590,234,30,136,183,707,109,330,159,850,290,242,246,49,121,6,13,7,2,5,6,10,5,15,9,17,9,7,12,4,12
2020-12-21,308,2012,687,195,310,573,1443,190,632,267,1185,509,330,523,96,404,243,1301,242,30,147,185,674,111,332,155,842,275,230,235,46,163,6,13,7,2,5,6,10,5,15,9,17,9,7,12,4,12
2020-12-22,308,2009,687,195,310,573,1443,190,632,267,1185,509,330,523,96,404,257,1398,231,34,141,182,612,101,311,141,812,249,200,234,48,158,6,13,7,2,5,6,10,5,15,9,17,9,7,12,4,12
2020-12-23,308,1992,687,195,310,573,1443,190,632,267,1185,509,330,523,96,404,239,1089,227,35,149,161,579,117,387,136,746,239,189,230,49,177,6,13,7,2,5,6,10,5,15,9,17,9,7,12,4,12
2020-12-24,308,2006,687,195,310,573,1443,190,632,267,1185,509,330,523,96,404,228,929,235,43,130,145,565,117,386,128,728,257,181,232,58,169,6,13,7,2,5,6,10,5,15,9,17,9,7,12,4,12
2020-12-25,308,1984,687,195,310,573,1443,190,632,267,1185,509,330,523,96,404,243,858,250,47,125,154,496,115,347,157,705,265,150,223,45,172,6,13,7,2,5,6,10,5,15,9,17,9,7,12,4,12
2020-12-26,308,1984,687,195,310,573,1443,190,632,267,1185,509,330,523,96,404,232,827,250,49,114,150,498,121,342,176,666,262,140,209,44,155,6,13,7,2,5,6,10,5,15,9,17,9,7,12,4,12
2020-12-27,308,1984,687,195,310,573,1443,190,632,267,1185,509,330,523,96,404,216,820,224,44,133,146,477,129,339,184,677,259,120,209,46,146,6,13,7,2,5,6,10,5,15,9,17,9,7,12,4,12
2020-12-28,308,1984,687,195,310,573,1443,190,632,267,1185,509,330,523,96,404,208,704,232,44,119,133,516,115,332,187,681,257,107,188,43,141,6,13,7,2,5,6,10,5,15,9,17,9,7,12,4,12
2020-12-29,308,1984,687,195,310,573,1443,190,632,267,1185,509,330,523,96,404,205,677,220,28,89,121,509,117,322,215,676,233,107,177,33,150,6,13,7,2,5,6,10,5,15,9,17,9,7,12,4,12
2020-12-30,308,1984,687,195,310,573,1443,190,632,267,1185,509,330,523,96,404,206,629,244,30,83,130,522,118,339,220,697,242,118,178,29,146,6,13,7,2,5,6,10,5,15,9,17,9,7,12,4,12
2020-12-31,308,1969,687,195,310,573,1443,190,632,267,1185,509,330,523,96,404,231,605,238,52,88,138,615,119,336,211,712,254,162,187,28,134,6,13,7,2,5,6,10,5,15,9,17,9,7,12,4,12
2021-01-01,308,1969,687,195,310,573,1443,190,632,267,1185,509,330,523,96,404,209,586,274,48,96,147,670,116,314,209,730,260,166,201,27,124,6,13,7,2,5,6,10,5,15,9,17,9,7,12,4,12
2021-01-02,308,1933,687,195,310,573,1443,190,632,267,1185,475,330,523,96,404,210,623,294,48,119,167,700,124,305,211,742,253,187,205,31,124,6,12,7,2,5,6,10,5,15,9,17,8,7,12,4,12
2021-01-03,363,1933,687,195,310,573,1443,190,632,267,1185,475,330,523,96,404,235,616,279,30,123,166,676,127,297,196,743,256,184,189,33,127,6,12,7,2,5,6,10,5,15,9,17,8,7,12,4,12
2021-01-04,381,1933,466,195,310,573,1443,190,632,267,1185,475,330,523,96,404,272,613,273,56,131,191,772,123,285,202,800,257,196,196,39,141,6,12,7,2,5,6,10,5,15,9,17,8,7,12,4,12
2021-01-05,411,2493,466,195,310,573,1443,190,632,267,1224,520,330,523,96,404,282,562,277,55,136,190,741,130,301,186,812,236,194,202,39,147,6,12,7,2,5,6,10,5,15,9,17,8,7,12,4,12
2021-01-06,411,1800,466,195,310,573,1443,204,632,267,1224,520,330,523,96,404,285,561,282,49,159,201,753,140,324,181,809,264,206,210,41,153,6,11,7,2,5,6,10,5,15,9,17,8,7,12,4,12
2021-01-07,411,1800,487,195,310,573,1591,204,632,267,1224,522,330,523,96,404,310,646,295,56,156,213,848,142,328,178,825,314,214,238,48,171,6,11,8,2,5,6,10,5,15,9,17,8,7,12,4,12
2021-01-08,425,1615,487,195,310,573,1612,204,632,267,1244,527,330,523,96,404,343,671,305,69,172,250,860,141,309,194,870,342,206,267,55,182,6,11,8,2,5,6,10,5,15,9,17,8,7,12,4,12
2021-01-09,425,1615,517,195,310,573,1612,212,632,267,1244,527,357,523,96,404,360,794,340,92,171,256,902,151,320,185,883,330,217,288,63,203,6,11,9,2,5,6,10,5,15,9,17,8,8,12,4,12
2021-01-10,505,1615,523,195,310,573,1612,212,632,267,1244,527,357,523,96,404,383,859,347,100,201,290,984,153,314,188,900,317,228,310,63,201,6,11,9,2,5,6,10,5,15,9,17,8,8,12,4,12
2021-01-11,505,1615,793,195,310,573,1612,212,632,267,1244,527,357,523,96,404,392,847,378,116,204,290,1026,148,300,205,942,319,227,340,65,200,6,11,10,2,5,6,10,5,15,9,17,8,8,12,4,12
2021-01-12,505,1615,793,195,310,573,1612,240,632,267,1185,527,357,523,96,404,389,853,367,135,212,304,1088,147,295,206,939,326,230,352,70,197,6,11,10,2,5,6,10,6,15,9,17,8,8,12,4,12
2021-01-13,549,1615,793,195,310,573,1612,240,632,267,1185,527,357,523,96,404,394,859,378,154,200,320,1109,165,298,191,905,322,234,352,63,215,7,11,10,2,5,6,10,6,15,9,17,8,8,12,4,12
2021-01-14,549,1615,793,195,355,573,1612,240,632,267,1185,527,357,523,96,404,404,969,415,157,184,310,1051,168,340,212,896,303,238,365,66,211,7,11,10,2,6,6,10,6,15,9,17,8,8,12,4,12
2021-01-15,549,1615,793,195,355,756,1849,240,632,267,1185,527,357,523,96,404,407,1010,431,141,190,309,1076,188,347,211,879,264,250,383,70,216,7,11,10,2,6,7,13,6,15,9,17,8,8,12,4,12
2021-01-16,549,1615,793,195,355,756,1952,240,632,267,1185,527,367,663,96,404,408,1137,451,142,219,335,1050,183,322,190,848,267,282,368,71,222,7,11,10,2,6,7,13,6,15,9,17,8,8,13,4,12
2021-01-17,549,1615,793,195,355,756,1952,231,632,267,1185,527,367,663,96,404,387,1127,476,133,225,339,1012,185,320,196,861,289,270,359,66,196,7,11,10,2,6,7,13,6,15,9,17,8,8,13,4,12
2021-01-18,549,1615,793,195,355,756,1952,231,632,267,1185,527,367,663,96,404,369,1168,432,144,224,339,1033,171,306,192,903,294,265,376,68,176,7,11,10,2,6,7,13,6,15,9,17,8,8,13,4,12
2021-01-19,549,1615,793,195,355,756,1981,251,632,267,1185,527,367,663,96,404,357,1195,451,121,225,344,1035,170,326,171,878,289,282,357,63,182,7,11,10,2,6,7,13,7,15,9,17,8,8,13,4,12
2021-01-20,611,1615,793,195,355,756,1981,249,632,267,1185,525,367,663,139,404,350,1216,479,95,237,345,1057,174,327,178,887,332,249,352,73,180,8,11,10,2,6,7,13,7,15,9,17,8,8,13,5,12
2021-01-21,611,1615,793,256,355,756,1981,247,632,267,1187,525,367,663,139,404,368,1258,468,122,236,357,1120,167,330,179,892,334,241,371,68,188,8,11,10,3,6,7,13,7,15,9,17,8,8,13,5,12
2021-01-22,611,1615,793,256,376,756,1981,247,632,267,1187,525,487,663,139,404,370,1314,452,120,235,363,1107,183,347,172,911,343,271,390,62,202,8,11,10,3,6,7,13,7,15,9,17,8,9,13,5,12
2021-01-23,611,1615,793,256,376,756,1981,247,632,267,1187,525,487,663,139,404,394,1218,464,105,225,388,1161,183,362,176,883,323,276,394,62,202,8,11,10,3,6,7,13,7,15,9,17,8,9,13,5,12
2021-01-24,611,1615,793,256,376,756,1981,247,632,267,1187,523,487,663,139,404,382,1101,518,94,217,430,1212,186,362,189,894,298,274,387,74,223,8,11,10,3,6,7,13,7,15,9,17,8,9,13,5,12
2021-01-25,611,1615,793,256,376,756,1981,247,632,269,1187,523,487,663,139,404,460,1358,502,99,222,462,1218,191,348,197,869,292,272,392,70,226,8,11,10,3,6,7,13,7,15,9,17,8,9,13,5,12
2021-01-26,611,1925,793,256,376,756,1990,247,632,269,1239,523,487,663,139,404,418,1700,490,101,240,468,1139,170,342,202,862,278,289,394,64,224,8,11,10,3,6,7,13,7,15,9,18,8,9,13,5,12
2021-01-27,635,1925,793,256,376,872,1990,283,632,269,1231,523,487,663,139,404,398,1789,491,109,240,481,1194,168,337,202,831,307,299,376,67,251,9,11,10,3,6,8,13,8,15,9,18,8,9,13,5,12
2021-01-28,643,1925,793,256,376,872,1990,283,632,269,1231,571,487,663,139,404,423,1921,488,109,242,517,1229,173,339,197,840,311,316,393,60,255,9,11,10,3,6,8,13,8,15,9,18,9,9,13,5,12
2021-01-29,643,1975,793,256,376,872,1999,283,632,269,1231,571,487,663,139,404,421,1935,503,124,242,507,1210,189,367,205,874,325,313,374,68,258,9,11,10,3,6,8,13,8,15,9,18,9,9,13,5,12
2021-01-30,643,1975,793,256,376,872,2030,283,632,269,1231,571,487,644,139,428,398,1884,474,130,241,538,1178,192,352,193,857,348,312,332,60,240,9,11,10,3,6,8,13,8,15,9,18,9,9,12,5,13
2021-01-31,643,2123,793,256,406,872,2030,308,632,311,1231,571,487,644,139,428,407,2223,529,119,258,531,1214,177,345,205,858,353,347,336,58,248,9,11,10,3,7,8,13,9,15,10,18,9,9,12,5,13
2021-02-01,643,2198,793,256,406,872,2030,308,632,311,1231,571,487,614,139,428,380,2296,533,119,269,533,1144,190,327,209,867,318,294,372,61,243,9,11,10,3,7,8,13,9,15,10,18,9,9,11,5,13
2021-02-02,643,2288,790,256,406,939,2030,308,632,311,1231,571,487,614,139,428,369,2304,533,114,253,534,1130,170,321,206,851,326,261,391,58,221,9,11,10,3,7,8,13,9,15,10,18,9,9,11,5,13
2021-02-03,643,2077,790,256,406,939,2030,308,632,332,1231,571,487,614,139,428,385,1963,533,121,231,580,1054,187,304,200,819,343,265,366,56,218,9,11,10,3,7,8,13,9,15,10,18,9,9,11,5,13
2021-02-04,643,2107,790,256,406,939,2226,308,632,332,1231,571,487,631,139,462,377,1974,515,112,238,486,1058,201,347,185,815,376,297,361,62,210,9,11,10,3,7,8,14,9,15,10,18,9,9,12,5,14
2021-02-05,643,2107,790,256,406,939,2226,308,632,332,1231,571,487,631,139,462,368,2228,580,103,219,480,1007,203,332,175,837,377,303,361,58,184,9,11,10,3,7,8,14,9,15,10,18,9,9,12,5,14
2021-02-06,643,2136,790,256,406,939,2189,308,632,332,1231,675,487,631,139,440,431,2337,568,95,233,440,1013,216,354,171,863,387,309,339,63,202,9,11,10,3,7,8,14,9,15,10,18,10,9,12,5,13
2021-02-07,704,2136,790,256,406,939,2189,308,632,332,1231,675,487,631,139,440,352,2555,560,95,221,446,1043,215,348,163,852,373,313,331,61,215,11,11,10,3,7,8,14,9,15,10,18,10,9,12,5,13
2021-02-08,704,2263,790,256,406,939,2189,308,632,332,1231,675,487,631,139,440,348,2778,533,95,233,441,1041,212,370,154,856,372,283,315,62,212,11,11,10,3,7,8,14,9,15,10,18,10,9,12,5,13
2021-02-09,704,2262,793,256,406,939,2189,308,632,332,1231,675,487,631,139,440,352,2566,543,91,237,422,987,208,364,142,844,354,254,305,59,191,11,11,10,3,7,8,14,9,15,10,18,10,9,12,5,13
2021-02-10,704,2343,793,256,406,939,2189,308,632,332,1231,675,487,631,139,440,341,2438,573,100,212,437,992,203,347,154,853,337,225,297,72,201,11,12,10,3,7,8,14,9,15,10,18,10,9,12,5,13
2021-02-11,704,2343,793,256,406,939,2189,308,632,332,1231,675,487,631,139,440,364,2185,476,124,217,452,994,212,348,166,892,372,239,286,46,200,11,12,10,3,7,8,14,9,15,10,18,10,9,12,5,13
2021-02-12,704,2423,793,256,406,939,2189,308,632,332,1231,675,487,631,139,440,357,2298,478,148,201,462,1079,226,330,172,922,354,273,280,45,183,11,12,10,3,7,8,14,9,15,10,18,10,9,12,5,13
2021-02-13,705,2423,793,256,406,939,2189,308,632,332,1231,675,487,631,139,440,378,2380,458,149,228,440,1073,245,327,188,890,367,265,278,47,167,11,12,10,3,7,8,14,9,15,10,18,10,9,12,5,13
2021-02-14,705,2423,793,256,406,939,2189,308,632,332,1231,675,487,631,139,440,369,2308,434,158,244,453,1177,259,349,194,917,397,267,300,36,170,11,12,10,3,7,8,14,9,15,10,18,10,9,12,5,13
2021-02-15,705,2593,793,256,406,939,2189,308,632,332,1231,675,487,631,139,440,443,2414,380,167,263,465,1140,253,339,204,925,398,271,312,32,163,11,12,10,3,7,8,14,9,15,10,18,10,9,12,5,13
2021-02-16,705,562,793,256,406,939,2189,308,632,332,1231,675,487,631,139,417,430,388,361,167,298,427,1129,232,326,199,901,393,284,308,35,142,11,7,10,3,7,8,14,9,15,10,18,10,9,12,5,13
2021-02-17,725,562,793,256,406,939,2189,308,632,332,1231,675,487,631,139,417,456,391,359,178,287,431,1068,232,326,222,862,396,292,299,29,145,11,7,10,3,7,8,14,9,15,10,18,10,9,12,5,13
2021-02-18,725.0,562.0,793.0,256.0,406.0,939.0,2189.0,308.0,632.0,332.0,1231.0,675.0,,643.0,139.0,417.0,459.0,414.0,330.0,164.0,298.0,418.0,1090.0,229.0,341.0,234.0,835.0,412.0,,311.0,34.0,158.0,11.0,7.0,10.0,3.0,7.0,8.0,14.0,9.0,15.0,10.0,18.0,10.0,,13.0,5.0,13.0
2021-02-19,725.0,552.0,793.0,256.0,406.0,939.0,2189.0,308.0,632.0,332.0,1231.0,675.0,,643.0,123.0,417.0,461.0,399.0,339.0,138.0,315.0,412.0,1113.0,218.0,308.0,219.0,891.0,396.0,,310.0,40.0,157.0,11.0,7.0,10.0,3.0,7.0,8.0,14.0,9.0,15.0,10.0,18.0,10.0,,13.0,5.0,13.0
2021-02-20,725.0,552.0,793.0,256.0,406.0,985.0,2189.0,308.0,632.0,332.0,1231.0,675.0,,643.0,124.0,417.0,479.0,403.0,322.0,141.0,303.0,436.0,1106.0,207.0,327.0,200.0,896.0,398.0,,311.0,42.0,156.0,11.0,7.0,10.0,3.0,7.0,8.0,14.0,9.0,15.0,10.0,18.0,10.0,,13.0,5.0,13.0
2021-02-21,725.0,552.0,793.0,256.0,406.0,985.0,2189.0,308.0,632.0,332.0,1231.0,675.0,,643.0,124.0,408.0,450.0,403.0,307.0,112.0,285.0,458.0,1131.0,232.0,320.0,189.0,889.0,397.0,,310.0,51.0,151.0,11.0,7.0,10.0,3.0,7.0,8.0,14.0,9.0,15.0,10.0,18.0,10.0,,13.0,5.0,12.0
2021-02-22,725.0,552.0,793.0,256.0,406.0,985.0,2189.0,308.0,632.0,332.0,1231.0,675.0,,643.0,124.0,408.0,456.0,396.0,301.0,122.0,287.0,482.0,1089.0,209.0,311.0,191.0,862.0,362.0,,281.0,53.0,155.0,11.0,7.0,10.0,3.0,7.0,8.0,14.0,9.0,15.0,10.0,18.0,10.0,,13.0,5.0,12.0
2021-02-23,725.0,552.0,793.0,256.0,406.0,985.0,2189.0,308.0,632.0,332.0,1231.0,675.0,,643.0,124.0,408.0,472.0,372.0,308.0,88.0,312.0,479.0,1041.0,208.0,316.0,178.0,898.0,344.0,,247.0,57.0,146.0,11.0,7.0,10.0,3.0,7.0,8.0,14.0,9.0,15.0,10.0,18.0,10.0,,13.0,5.0,12.0
2021-02-24,774.0,552.0,793.0,256.0,406.0,985.0,2189.0,308.0,632.0,332.0,1257.0,675.0,,643.0,124.0,408.0,448.0,402.0,341.0,75.0,324.0,433.0,1114.0,199.0,320.0,170.0,883.0,355.0,,236.0,51.0,138.0,12.0,7.0,10.0,3.0,7.0,8.0,14.0,9.0,15.0,10.0,19.0,10.0,,13.0,5.0,12.0
2021-02-25,774.0,552.0,793.0,256.0,406.0,985.0,2189.0,308.0,632.0,332.0,1257.0,675.0,,643.0,124.0,408.0,429.0,423.0,344.0,80.0,321.0,437.0,1209.0,207.0,332.0,160.0,888.0,383.0,,274.0,51.0,149.0,12.0,7.0,10.0,3.0,7.0,8.0,14.0,9.0,15.0,10.0,19.0,10.0,,13.0,5.0,12.0
2021-02-26,774.0,552.0,793.0,256.0,406.0,985.0,2189.0,308.0,632.0,332.0,1257.0,675.0,,643.0,124.0,408.0,587.0,413.0,399.0,80.0,298.0,414.0,1232.0,191.0,314.0,150.0,920.0,406.0,,262.0,52.0,172.0,12.0,7.0,10.0,3.0,7.0,8.0,14.0,9.0,15.0,10.0,19.0,10.0,,13.0,5.0,12.0
2021-02-27,774.0,552.0,793.0,256.0,506.0,985.0,2189.0,308.0,632.0,332.0,1257.0,675.0,,643.0,124.0,408.0,437.0,412.0,378.0,108.0,308.0,407.0,1256.0,206.0,311.0,180.0,894.0,420.0,,276.0,44.0,150.0,12.0,7.0,10.0,3.0,8.0,8.0,14.0,9.0,15.0,10.0,19.0,10.0,,13.0,5.0,12.0
2021-02-28,774.0,552.0,793.0,256.0,506.0,985.0,2189.0,308.0,632.0,332.0,1257.0,713.0,,643.0,124.0,408.0,437.0,431.0,394.0,126.0,333.0,425.0,1372.0,221.0,309.0,177.0,870.0,423.0,,296.0,42.0,152.0,12.0,7.0,10.0,3.0,8.0,8.0,14.0,9.0,15.0,10.0,19.0,11.0,,13.0,5.0,12.0
2021-03-01,774.0,552.0,793.0,256.0,506.0,985.0,2189.0,308.0,632.0,332.0,1257.0,713.0,,643.0,124.0,408.0,442.0,414.0,412.0,134.0,343.0,448.0,1410.0,187.0,311.0,186.0,933.0,408.0,,273.0,41.0,147.0,12.0,7.0,10.0,3.0,8.0,8.0,14.0,9.0,15.0,10.0,19.0,11.0,,13.0,5.0,12.0
2021-03-02,774.0,552.0,793.0,256.0,506.0,986.0,2189.0,308.0,632.0,332.0,1257.0,713.0,,643.0,124.0,408.0,435.0,375.0,390.0,143.0,353.0,446.0,1403.0,156.0,320.0,183.0,946.0,402.0,,273.0,42.0,132.0,12.0,7.0,10.0,3.0,8.0,8.0,14.0,9.0,15.0,10.0,19.0,11.0,,13.0,5.0,12.0
2021-03-03,774.0,552.0,799.0,256.0,506.0,986.0,2189.0,308.0,632.0,332.0,1257.0,713.0,,643.0,124.0,408.0,404.0,361.0,372.0,140.0,359.0,455.0,1267.0,167.0,344.0,185.0,969.0,401.0,,275.0,38.0,142.0,12.0,7.0,10.0,3.0,8.0,8.0,14.0,9.0,15.0,10.0,19.0,11.0,,13.0,5.0,12.0
2021-03-04,776.0,552.0,799.0,256.0,506.0,986.0,2189.0,308.0,632.0,332.0,1257.0,713.0,,643.0,124.0,408.0,387.0,395.0,413.0,143.0,363.0,473.0,1309.0,190.0,338.0,193.0,991.0,398.0,,288.0,40.0,142.0,12.0,7.0,10.0,3.0,8.0,8.0,14.0,9.0,15.0,10.0,19.0,11.0,,13.0,5.0,12.0
2021-03-05,776.0,552.0,799.0,256.0,506.0,986.0,2189.0,308.0,632.0,332.0,1257.0,713.0,,643.0,124.0,408.0,428.0,399.0,437.0,156.0,369.0,486.0,1289.0,201.0,341.0,188.0,997.0,438.0,,309.0,41.0,139.0,12.0,7.0,10.0,3.0,8.0,8.0,14.0,9.0,15.0,10.0,19.0,11.0,,13.0,5.0,12.0
2021-03-06,776.0,552.0,799.0,256.0,506.0,986.0,2189.0,308.0,632.0,332.0,1257.0,713.0,,643.0,124.0,408.0,364.0,418.0,423.0,185.0,348.0,447.0,1262.0,207.0,342.0,199.0,994.0,440.0,,297.0,55.0,158.0,12.0,7.0,10.0,3.0,8.0,8.0,14.0,9.0,15.0,10.0,19.0,11.0,,13.0,5.0,12.0
2021-03-07,776.0,552.0,799.0,256.0,506.0,986.0,2189.0,308.0,632.0,332.0,1257.0,713.0,,643.0,124.0,408.0,372.0,399.0,419.0,169.0,359.0,450.0,1314.0,196.0,329.0,208.0,989.0,439.0,,331.0,55.0,158.0,12.0,7.0,10.0,3.0,8.0,8.0,14.0,9.0,15.0,10.0,19.0,11.0,,13.0,5.0,12.0
2021-03-08,776,552,799,256,506,986,2189,308,632,332,1257,713,487,643,124,408,380,380,434,165,367,449,1318,205,341,202,1000,407,241,336,55,162,12,7,10,3,8,8,14,9,15,10,19,11,9,13,5,12
2021-03-09,776.0,552.0,799.0,256.0,506.0,986.0,2422.0,308.0,632.0,332.0,1257.0,713.0,,643.0,124.0,408.0,405.0,354.0,396.0,147.0,363.0,421.0,1309.0,200.0,336.0,215.0,964.0,406.0,,345.0,55.0,146.0,12.0,7.0,10.0,3.0,8.0,8.0,15.0,9.0,15.0,10.0,19.0,11.0,,13.0,5.0,12.0
2021-03-10,776,552,799,256,506,985,2422,308,632,332,1257,713,487,643,124,408,388,380,403,139,341,454,1347,199,318,226,957,408,202,356,55,142,12,7,10,3,8,8,15,9,15,10,19,11,9,13,5,12
2021-03-11,776,552,799,256,506,985,2422,308,632,332,1257,713,487,643,124,408,384,388,394,129,324,468,1463,199,317,224,956,396,211,363,51,135,12,7,10,3,8,8,15,9,15,10,19,11,9,13,5,12
2021-03-12,776,552,799,256,506,985,2422,388,650,332,1257,713,487,643,124,408,415,386,397,108,336,474,1457,195,328,213,947,389,223,353,51,134,12,7,10,3,8,8,15,10,16,10,19,11,9,13,5,12
2021-03-13,776.0,552.0,799.0,256.0,506.0,985.0,2476.0,388.0,650.0,332.0,1257.0,713.0,,643.0,124.0,408.0,410.0,354.0,392.0,106.0,350.0,483.0,1426.0,235.0,324.0,232.0,934.0,414.0,,361.0,46.0,134.0,12.0,7.0,10.0,3.0,8.0,8.0,15.0,10.0,16.0,10.0,19.0,11.0,,13.0,5.0,12.0
2021-03-14,776,552,799,256,506,985,2476,388,650,332,1257,713,487,643,124,408,404,348,381,112,356,507,1494,237,307,229,944,434,222,382,43,133,12,7,10,3,8,8,15,10,16,10,19,11,9,13,5,12
2021-03-15,776,552,799,256,506,985,2476,388,650,332,1257,713,487,643,124,408,421,357,361,112,344,525,1549,234,311,215,966,414,226,357,40,138,12,7,10,3,8,8,15,10,16,10,19,11,9,13,5,12
2021-03-16,777,552,799,256,506,985,2477,388,650,332,1257,713,487,643,124,408,412,339,346,120,332,521,1484,220,303,191,939,374,224,323,45,137,12,7,10,3,8,8,15,10,16,10,19,11,9,13,5,12
2021-03-17,777,552,799,256,506,985,2477,388,650,332,1257,713,487,625,124,408,411,361,372,119,299,516,1474,212,325,208,925,415,218,319,50,130,12,7,10,3,8,8,15,10,16,10,19,11,9,12,5,12
2021-03-18,777.0,552.0,799.0,256.0,506.0,985.0,2477.0,394.0,650.0,332.0,1257.0,713.0,,625.0,124.0,408.0,398.0,374.0,426.0,131.0,302.0,531.0,1506.0,218.0,345.0,212.0,952.0,456.0,,326.0,48.0,135.0,12.0,7.0,10.0,3.0,8.0,8.0,15.0,10.0,16.0,10.0,19.0,11.0,,12.0,5.0,12.0
2021-03-19,777,552,799,256,506,985,2477,394,650,332,1257,713,487,625,124,408,365,347,464,137,326,536,1434,227,338,227,973,453,243,343,42,130,12,7,10,3,8,8,15,10,16,10,19,11,9,12,5,12
2021-03-20,777,552,799,256,506,985,2477,394,650,332,1257,713,487,625,124,408,355,363,459,138,340,540,1344,245,343,233,987,477,251,349,37,131,12,7,10,3,8,8,15,10,16,10,19,11,9,12,5,12
2021-03-21,777,552,799,256,506,985,2477,394,684,332,1257,713,487,625,124,408,376,393,464,135,345,525,1406,250,345,244,975,465,254,354,41,131,12,7,10,3,8,8,15,10,17,10,19,11,9,12,5,12
2021-03-22,777,552,799,256,506,985,2477,394,684,332,1257,713,487,625,124,408,384,389,452,135,338,530,1417,241,349,240,949,449,269,368,46,118,12,7,10,3,8,8,15,10,17,10,19,11,9,12,5,12
2021-03-23,777,552,799,256,506,1095,2477,394,684,332,1257,713,487,625,124,408,381,382,432,141,338,573,1465,223,353,238,934,425,263,343,52,112,12,7,10,3,8,9,15,10,17,10,19,11,9,12,5,12
2021-03-24,777,552,799,256,506,1095,2555,394,779,332,1257,713,595,625,124,408,401,407,406,133,336,590,1382,223,359,241,932,415,254,333,54,118,12,7,10,3,8,9,16,10,18,10,19,11,10,12,5,12
2021-03-25,777,552,799,256,506,1095,2555,394,779,332,1257,713,595,625,124,408,424,428,432,141,325,603,1390,245,391,247,951,432,266,335,55,131,12,7,10,3,8,9,16,10,18,10,19,11,10,12,5,12
2021-03-26,777,552,799,256,506,1095,2555,394,779,332,1257,713,595,625,124,408,435,435,427,140,336,677,1294,236,397,232,1005,444,260,345,54,143,12,7,10,3,8,9,16,10,18,10,19,11,10,12,5,12
2021-03-27,777,552,799,256,506,1060,2555,394,779,332,1257,713,595,625,124,408,448,468,434,123,330,631,1283,246,397,222,995,433,259,320,55,153,12,7,10,3,8,9,16,10,18,10,19,11,10,12,5,12
2021-03-28,777,552,799,256,506,1060,2690,394,779,332,1257,713,595,625,124,408,440,460,446,123,326,603,1377,275,406,226,964,430,264,327,58,149,12,7,10,3,8,9,17,10,18,10,19,11,10,12,5,12
2021-03-29,777,552,799,256,506,1174,2690,394,779,332,1257,713,595,625,124,408,484,453,421,123,322,655,1384,266,416,248,970,423,274,301,58,146,12,7,10,3,8,10,17,10,18,10,19,11,10,12,5,12
2021-03-30,777,552,799,256,506,1174,2690,394,779,332,1257,713,595,625,124,408,474,447,405,126,318,627,1345,259,428,230,1005,409,298,284,53,149,12,7,10,3,8,10,17,10,18,10,19,11,10,12,5,12
2021-03-31,777.0,552.0,799.0,256.0,506.0,1174.0,2690.0,394.0,779.0,332.0,1257.0,713.0,,625.0,124.0,397.0,482.0,424.0,403.0,125.0,317.0,644.0,1326.0,252.0,402.0,231.0,997.0,463.0,,284.0,52.0,160.0,12.0,7.0,10.0,3.0,8.0,10.0,17.0,10.0,18.0,10.0,19.0,11.0,,12.0,5.0,11.0
2021-04-01,832,552,799,256,506,1174,2690,394,779,332,1257,713,595,625,124,397,489,430,427,125,301,657,1391,258,389,227,977,483,314,299,43,147,13,7,10,3,8,10,17,10,18,10,19,11,10,12,5,11
2021-04-02,832,552,799,256,506,1175,2760,394,779,332,1288,713,595,625,124,397,821,388,452,144,301,672,1460,275,386,245,1000,466,342,327,32,141,13,7,10,3,8,10,18,10,18,10,20,11,10,12,5,11
2021-04-03,832,552,799,256,506,1175,2760,394,779,332,1288,713,595,625,124,397,500,451,460,143,303,674,1584,274,401,223,968,458,334,351,36,129,13,7,10,3,8,10,18,10,18,10,20,11,10,12,5,11
2021-04-04,832.0,552.0,799.0,256.0,506.0,1229.0,2760.0,394.0,779.0,332.0,1288.0,713.0,,625.0,124.0,397.0,465.0,445.0,417.0,162.0,294.0,696.0,1722.0,256.0,394.0,215.0,981.0,429.0,,334.0,34.0,120.0,13.0,7.0,10.0,3.0,8.0,10.0,18.0,10.0,18.0,10.0,20.0,11.0,,12.0,5.0,11.0
2021-04-05,832,552,799,256,506,1229,2760,394,779,332,1288,713,595,625,124,397,484,416,385,167,297,645,1698,247,375,203,978,428,303,317,33,113,13,7,10,3,8,10,18,10,18,10,20,11,10,12,5,11
2021-04-06,832,552,799,256,506,1229,2760,394,779,332,1288,713,595,625,95,397,509,393,350,147,307,586,1643,238,367,207,978,417,278,276,32,112,13,7,10,3,8,10,18,10,18,10,20,11,10,12,4,11
2021-04-07,832,552,799,256,650,1229,2760,394,779,332,1288,713,595,625,95,397,474,390,365,144,298,582,1688,238,372,202,952,431,271,254,40,123,13,7,10,3,9,10,18,10,18,10,20,11,10,12,4,11
2021-04-08,832,552,799,256,650,1229,2760,394,779,332,1288,713,595,625,95,397,444,430,378,152,309,591,1689,242,410,222,998,465,284,261,39,146,13,7,10,3,9,10,18,10,18,10,20,11,10,12,4,11
2021-04-09,832,552,799,256,650,1228,2760,394,779,332,1338,713,569,625,95,397,436,477,409,139,309,582,1666,219,423,215,996,488,269,248,35,140,13,7,10,3,9,10,18,10,18,10,21,11,10,12,4,11
2021-04-10,832,578,799,256,650,1228,2760,394,779,332,1368,713,569,625,95,397,483,467,399,143,317,546,1575,213,424,237,1009,491,281,244,42,136,13,8,10,3,9,10,18,10,18,10,22,11,10,12,4,11
2021-04-11,832,578,799,256,650,1228,2760,477,779,332,1368,713,569,625,95,397,441,501,385,126,317,563,1622,238,421,253,1038,473,273,247,42,164,13,8,10,3,9,10,18,11,18,10,22,11,10,12,4,11
2021-04-12,832,578,799,256,650,1228,2760,477,779,332,1368,713,569,625,95,397,481,459,396,132,309,553,1477,264,429,250,1038,459,254,261,38,163,13,8,10,3,9,10,18,11,18,10,22,11,10,12,4,11
2021-04-13,832,578,799,256,650,1228,2760,477,779,332,1368,713,569,625,95,397,476,422,400,132,321,578,1431,266,460,247,1031,496,255,265,39,170,13,8,10,3,9,10,18,11,18,10,22,11,10,12,4,11
2021-04-14,832,578,799,256,650,1228,2763,477,779,332,1366,713,569,625,115,397,516,453,465,120,317,598,1469,263,451,245,1062,480,255,271,34,194,13,8,10,3,9,10,18,11,18,10,22,11,10,12,5,11
2021-04-15,832,578,799,256,650,1228,2763,477,793,332,1366,713,569,625,115,397,501,477,489,133,306,610,1456,288,440,250,1091,467,256,276,31,213,13,8,10,3,9,10,18,11,18,10,22,11,10,12,5,11
2021-04-16,832,578,799,256,650,1228,2763,477,793,332,1364,713,569,625,115,397,548,460,493,139,300,628,1529,283,448,246,1108,472,246,295,33,215,13,8,10,3,9,10,18,11,18,10,22,11,10,12,5,11
2021-04-17,823,603,799,256,650,1228,2763,477,793,332,1364,713,569,625,115,397,516,490,489,141,273,660,1515,302,458,224,1071,421,267,326,35,225,13,8,10,3,9,10,18,11,18,10,22,11,10,12,5,11
2021-04-18,823,603,799,256,650,1228,2763,477,793,332,1364,713,569,625,115,397,502,479,445,137,288,661,1532,311,460,265,1056,466,289,328,53,228,13,8,10,3,9,10,18,11,18,10,22,11,10,12,5,11
2021-04-19,823,603,799,256,650,1228,2763,477,803,332,1364,713,569,625,115,397,587,457,440,137,304,615,1544,297,475,257,1019,485,276,314,51,236,13,8,10,3,9,10,18,11,19,10,22,11,10,12,5,11
2021-04-20,823,603,799,256,650,1228,3127,477,803,332,1364,713,569,625,115,418,477,425,399,158,314,653,1811,282,458,256,1024,463,278,292,53,229,13,8,10,3,9,10,23,11,19,10,22,11,10,12,5,12
2021-04-21,823.0,603.0,799.0,256.0,650.0,1228.0,3127.0,477.0,803.0,332.0,1364.0,713.0,,625.0,115.0,418.0,527.0,451.0,401.0,163.0,318.0,645.0,1884.0,277.0,446.0,231.0,967.0,471.0,,272.0,53.0,252.0,13.0,8.0,10.0,3.0,9.0,10.0,23.0,11.0,19.0,10.0,22.0,11.0,,12.0,5.0,12.0
2021-04-22,823,603,799,256,650,1228,3127,477,844,332,1364,713,569,625,115,418,562,484,400,177,325,627,1952,283,471,225,954,480,271,284,63,255,13,8,10,3,9,10,23,11,20,10,22,11,10,12,5,12
2021-04-23,823,603,799,256,650,1228,3127,580,844,332,1364,713,569,625,115,418,537,452,461,169,350,661,1994,300,460,219,975,478,277,292,68,237,13,8,10,3,9,10,23,12,20,10,22,11,10,12,5,12
2021-04-24,841,603,799,256,672,1228,3127,580,844,332,1364,713,569,625,115,418,512,515,468,178,332,682,1988,283,495,213,994,481,272,282,58,363,14,8,10,3,10,10,23,12,20,10,22,11,10,12,5,12
2021-04-25,841.0,603.0,799.0,256.0,672.0,1228.0,3127.0,580.0,844.0,332.0,1364.0,713.0,,625.0,115.0,418.0,524.0,516.0,477.0,168.0,325.0,704.0,1965.0,291.0,529.0,223.0,981.0,480.0,,279.0,67.0,211.0,14.0,8.0,10.0,3.0,10.0,10.0,23.0,12.0,20.0,10.0,22.0,11.0,,12.0,5.0,12.0
2021-04-26,841.0,603.0,799.0,256.0,672.0,1228.0,3127.0,580.0,844.0,332.0,1364.0,713.0,,625.0,115.0,418.0,528.0,529.0,445.0,169.0,337.0,702.0,1937.0,275.0,491.0,226.0,979.0,455.0,,283.0,70.0,236.0,14.0,8.0,10.0,3.0,10.0,10.0,23.0,12.0,20.0,10.0,22.0,11.0,,12.0,5.0,12.0
2021-04-27,841,603,799,256,672,1228,3127,580,844,353,1364,713,569,625,115,418,528,500,426,161,353,750,1806,266,492,219,1012,454,272,255,68,227,14,8,10,3,10,10,23,12,20,10,22,11,10,12,5,12
2021-04-28,841.0,604.0,816.0,256.0,672.0,1228.0,3127.0,580.0,844.0,353.0,1364.0,713.0,,625.0,115.0,418.0,519.0,525.0,425.0,167.0,349.0,706.0,1792.0,268.0,476.0,228.0,977.0,482.0,,258.0,60.0,185.0,14.0,8.0,10.0,3.0,10.0,10.0,23.0,12.0,20.0,10.0,22.0,11.0,,12.0,5.0,12.0
2021-04-29,841,604,816,256,672,1228,3327,580,844,353,1562,760,569,625,115,418,530,520,443,164,342,736,1983,291,535,229,968,492,282,269,62,195,14,8,10,3,10,10,24,12,20,10,23,12,10,12,5,12
2021-04-30,841,604,816,256,672,1228,3327,578,844,353,1562,760,569,625,115,418,485,482,429,172,310,703,1967,294,506,238,997,503,304,267,62,215,14,8,10,3,10,10,24,12,20,10,23,12,10,12,5,12
2021-05-01,841,604,816,256,642,1228,3327,561,844,353,1562,760,569,625,115,418,483,460,385,144,299,689,2014,279,500,239,1025,498,313,305,69,223,14,8,10,3,9,10,24,11,20,10,23,12,10,12,5,12
2021-05-02,841,604,816,256,642,1228,3327,561,874,353,1562,760,569,625,115,418,467,455,377,144,311,695,2079,290,521,226,1017,487,310,308,62,222,14,8,10,3,9,10,24,11,21,10,23,12,10,12,5,12
2021-05-03,841,604,816,282,597,1228,3327,561,874,353,1562,760,569,625,115,418,427,450,362,154,307,719,2094,276,523,247,1031,531,299,324,62,260,14,8,10,4,8,10,24,11,21,10,23,12,10,12,5,12
2021-05-04,841,604,816,282,597,1228,3327,561,874,353,1562,760,569,625,121,418,400,378,344,122,309,657,1994,255,499,226,979,567,265,313,62,217,14,8,10,4,8,10,24,11,21,10,23,12,10,12,5,12
2021-05-05,841,604,816,282,597,1228,3327,561,874,353,1562,760,569,625,121,418,409,392,334,129,291,619,1910,256,500,229,993,545,246,334,65,218,14,8,10,4,8,10,24,11,21,10,23,12,10,12,5,12
2021-05-06,841,604,816,282,597,1228,3327,561,874,353,1562,760,569,625,121,418,457,423,371,131,279,584,1997,257,543,231,990,558,245,325,63,206,14,8,10,4,8,10,24,11,21,10,23,12,10,12,5,12
2021-05-07,841,604,816,282,597,1230,3327,561,919,353,1562,760,569,625,121,418,450,406,400,128,259,598,2001,255,542,245,1025,525,228,320,57,220,14,8,10,4,8,10,24,11,21,10,23,12,10,12,5,12
2021-05-08,841,604,816,282,597,1250,3327,561,973,353,1562,760,569,625,121,418,476,441,384,136,258,593,1953,297,540,257,1013,518,245,317,51,199,14,8,10,4,8,10,24,11,22,10,23,12,10,12,5,12
2021-05-09,841,604,816,282,597,1250,3414,561,1007,353,1562,760,569,625,121,418,519,467,426,126,269,610,1842,289,579,248,1014,498,257,282,52,239,14,8,10,4,8,10,24,11,22,10,23,12,10,12,5,12
2021-05-10,841,604,816,282,597,1250,3414,561,1007,353,1562,760,569,625,121,418,551,471,398,126,292,626,1927,286,548,267,1006,487,262,289,50,265,14,8,10,4,8,10,24,11,22,10,23,12,10,12,5,12
2021-05-11,841,604,816,282,597,1250,3414,561,1007,353,1562,760,569,625,121,418,534,415,366,138,303,566,1932,271,538,253,1027,500,240,284,44,231,14,8,10,4,8,10,24,11,22,10,23,12,10,12,5,12
2021-05-12,841,604,816,282,597,1250,3414,561,1045,353,1562,760,569,625,121,418,531,482,373,127,316,594,1902,280,602,228,993,503,242,297,46,227,14,8,10,4,8,10,24,11,22,10,23,12,10,12,5,12
2021-05-13,841,604,816,282,597,1250,3414,561,1045,353,1562,760,569,625,121,459,521,487,413,131,332,597,1908,288,651,238,1035,507,239,317,50,236,14,8,10,4,8,10,24,11,22,10,23,12,10,12,5,13
2021-05-14,841,604,816,282,597,1262,3414,561,1045,353,1562,760,569,625,121,459,498,485,456,153,324,564,1918,288,633,243,1083,508,255,320,49,229,14,8,10,4,8,10,24,11,22,10,23,12,10,12,5,13
2021-05-15,841,596,816,282,597,1262,3414,561,1045,353,1562,760,569,625,121,459,471,486,437,156,368,553,1942,272,640,240,1134,507,259,316,42,194,14,8,10,4,8,10,24,11,22,10,23,12,10,12,5,13
2021-05-16,841,596,816,282,597,1262,3414,561,1045,353,1562,760,569,625,121,459,451,461,402,161,392,586,1965,289,638,235,1140,516,284,320,45,183,14,8,10,4,8,10,24,11,22,10,23,12,10,12,5,13
2021-05-17,841,596,816,282,597,1262,3414,561,1045,353,1562,760,569,625,121,459,464,451,371,171,392,608,1942,273,594,258,1118,488,279,297,50,184,14,8,10,4,8,10,24,11,22,10,23,12,10,12,5,13
2021-05-18,841,596,816,282,597,1260,3372,561,1045,353,1562,760,569,625,121,459,462,432,328,180,347,550,1853,248,591,233,1140,468,271,285,50,147,14,8,10,4,8,10,23,11,22,10,23,12,10,12,5,13
2021-05-19,841,596,816,282,597,1260,3372,561,1045,353,1562,760,569,625,121,459,437,454,349,180,381,561,1899,267,596,237,1179,500,275,274,54,132,14,8,10,4,8,10,23,11,22,10,23,12,10,12,5,13
2021-05-20,841,602,816,282,597,1260,3372,561,1045,353,1562,760,569,625,121,459,441,474,383,177,368,550,1996,294,622,256,1206,500,270,291,53,165,14,8,10,4,8,10,23,11,22,10,23,12,10,12,5,13
2021-05-21,841,600,816,282,597,1260,3372,561,1067,353,1562,860,569,625,121,459,448,484,400,183,374,525,2037,311,630,256,1248,511,260,309,53,187,14,8,10,4,8,10,23,11,22,10,23,13,10,12,5,13
2021-05-22,841,578,816,284,597,1260,3372,561,1067,353,1562,860,569,625,121,459,499,453,398,186,382,531,2023,315,661,241,1248,532,273,331,56,177,14,8,10,4,8,10,23,11,22,10,23,13,10,12,5,13
2021-05-23,841,575,816,280,597,1260,3372,561,1067,353,1562,860,569,625,121,459,505,422,378,164,410,562,1957,324,639,238,1270,558,261,317,61,171,14,8,10,4,8,10,23,11,22,10,23,13,10,12,5,13
2021-05-24,841,574,816,284,597,1260,3372,561,1067,353,1562,860,569,625,121,459,522,413,361,164,374,562,1896,294,652,251,1254,522,258,301,62,160,14,8,10,4,8,10,23,11,22,10,23,13,10,12,5,13
2021-05-25,841,574,816,284,597,1260,3372,561,1067,353,1562,860,569,625,121,459,515,368,361,141,397,535,1898,296,662,243,1200,539,225,298,64,136,14,8,10,4,8,10,23,11,22,10,23,13,10,12,5,13
2021-05-26,841,597,816,284,597,1260,3372,561,1119,353,1562,860,569,625,121,500,512,398,394,126,385,508,1828,290,683,229,1128,543,218,301,61,128,14,8,10,4,8,10,23,11,22,10,23,13,10,12,5,14
2021-05-27,841,594,816,284,597,1260,3372,561,1119,353,1562,860,569,625,121,500,499,418,437,130,384,545,1888,301,695,222,1138,546,219,327,62,133,14,8,10,4,8,10,23,11,22,10,23,13,10,12,5,14
2021-05-28,841,595,816,284,597,1260,3372,561,1119,353,1562,860,569,625,121,500,490,429,450,132,362,534,1787,283,671,230,1163,485,230,350,46,136,14,8,10,4,8,10,23,11,22,10,23,13,10,12,5,14
2021-05-29,841,599,816,284,597,1260,3464,561,1119,353,1562,860,569,625,121,500,481,428,400,123,341,582,1747,281,661,241,1181,537,235,366,43,132,14,8,10,4,8,10,23,11,22,10,23,13,10,12,5,14
2021-05-30,841,599,816,284,597,1260,3464,536,1119,353,1562,860,569,625,121,500,500,435,381,141,351,649,1745,280,649,264,1182,545,263,383,54,128,14,8,10,4,8,10,23,10,22,10,23,13,10,12,5,14
2021-05-31,841,599,816,284,597,1260,3464,536,1119,353,1562,860,569,625,121,500,521,412,383,143,358,605,1783,307,655,272,1142,548,253,401,51,123,14,8,10,4,8,10,23,10,22,10,23,13,10,12,5,14
2021-06-01,841,599,625,284,597,1260,3464,536,1119,353,1562,860,569,625,121,500,515,396,373,135,326,597,1760,283,655,272,1147,556,254,384,51,107,14,8,9,4,8,10,23,10,22,10,23,13,10,12,5,14
2021-06-02,841,599,625,284,597,1260,3464,536,1119,353,1562,860,569,625,121,500,475,420,367,151,333,620,1692,284,658,264,1116,565,272,391,57,120,14,8,9,4,8,10,23,10,22,10,23,13,10,12,5,14
2021-06-03,784,598,625,284,597,1260,3486,536,1119,353,1562,860,569,625,121,500,491,431,386,170,351,633,1617,284,657,259,1165,567,274,357,63,131,13,8,9,4,8,10,23,10,22,10,23,13,10,12,5,14
2021-06-04,784,596,625,284,597,1260,3486,536,1119,353,1562,860,569,625,121,500,477,439,404,185,367,628,1596,300,672,238,1217,566,295,331,62,145,13,8,9,4,8,10,23,10,22,10,23,13,10,12,5,14
2021-06-05,784,565,625,284,597,1260,3486,536,1119,353,1562,860,569,625,121,500,479,429,406,176,388,630,1594,293,668,220,1279,551,298,328,62,149,13,8,9,4,8,10,23,10,22,10,23,13,10,12,5,14
2021-06-06,784,565,625,284,597,1260,3486,536,1119,353,1562,860,569,625,121,500,477,438,397,185,377,655,1603,327,654,227,1281,545,299,360,64,164,13,8,9,4,8,10,23,10,22,10,23,13,10,12,5,14
2021-06-07,784,564,625,284,597,1260,3486,536,1119,353,1562,860,569,625,121,500,482,406,368,185,396,638,1516,369,661,212,1263,548,288,384,55,156,13,8,9,4,8,10,23,10,22,10,23,13,10,12,5,14
2021-06-08,784,569,625,284,597,1260,3486,536,1119,353,1562,860,569,625,121,500,460,359,355,166,381,573,1477,371,622,215,1284,523,267,348,54,139,13,8,9,4,8,10,23,10,22,10,23,13,10,12,5,14
2021-06-09,784,569,625,284,652,1260,3486,536,1119,353,1562,860,569,625,121,500,459,367,376,175,351,576,1522,349,643,205,1259,550,281,363,57,148,13,8,9,4,9,10,23,10,22,10,23,13,10,12,5,14
2021-06-10,784,597,625,284,652,1260,3486,536,1119,353,1562,860,569,625,121,500,452,399,407,175,364,585,1528,362,677,235,1255,545,298,359,58,142,13,8,9,4,9,10,23,10,22,10,23,13,10,12,5,14
2021-06-11,784,597,625,284,652,1260,3419,536,1119,353,1562,860,569,625,121,500,433,422,397,164,348,593,1529,363,641,225,1308,539,327,347,50,132,13,8,9,4,9,10,22,10,22,10,23,13,10,12,5,14
2021-06-12,784.0,571.0,625.0,284.0,652.0,1260.0,3419.0,536.0,1119.0,353.0,1562.0,860.0,,625.0,121.0,500.0,461.0,419.0,397.0,159.0,356.0,605.0,1552.0,368.0,690.0,228.0,1295.0,560.0,,328.0,50.0,138.0,13.0,8.0,9.0,4.0,9.0,10.0,22.0,10.0,22.0,10.0,23.0,13.0,,12.0,5.0,14.0
2021-06-13,784.0,571.0,625.0,284.0,652.0,1260.0,3419.0,536.0,1119.0,353.0,1562.0,860.0,,625.0,121.0,500.0,458.0,423.0,362.0,162.0,365.0,624.0,1519.0,365.0,673.0,245.0,1277.0,553.0,,336.0,58.0,119.0,13.0,8.0,9.0,4.0,9.0,10.0,22.0,10.0,22.0,10.0,23.0,13.0,,12.0,5.0,14.0
2021-06-14,784,571,625,284,652,1260,3419,536,1119,353,1562,860,569,625,121,500,451,377,351,164,367,650,1506,344,657,243,1262,525,319,312,61,109,13,8,9,4,9,10,22,10,22,10,23,13,10,12,5,14
2021-06-15,784,571,625,284,652,1260,3415,536,1119,328,1562,860,569,625,121,500,461,338,330,148,346,603,1402,313,630,237,1213,544,293,304,60,96,13,8,9,4,9,10,22,10,22,9,23,13,10,12,5,14
2021-06-16,784,604,625,284,652,1260,3415,536,1119,328,1562,860,569,625,121,500,455,359,343,148,354,591,1337,314,647,221,1132,566,287,317,67,116,13,8,9,4,9,10,22,10,22,9,23,13,10,12,5,14
2021-06-17,783,604,625,284,652,1260,3415,536,1119,328,1562,860,569,625,121,500,485,402,363,152,354,581,1311,326,663,229,1084,571,267,316,69,113,13,8,9,4,9,10,22,10,22,9,23,13,10,12,5,14
2021-06-18,783,604,625,284,652,1260,3613,536,1119,328,1562,860,569,625,121,500,480,390,365,141,369,609,1410,311,644,248,1056,562,271,322,68,111,13,8,9,4,9,10,23,10,22,9,23,13,10,12,5,14
2021-06-19,783,604,625,284,652,1260,3613,536,1119,328,1562,860,569,625,121,500,477,432,378,139,356,572,1487,320,616,249,1018,549,245,346,59,110,13,8,9,4,9,10,23,10,22,9,23,13,10,12,5,14
2021-06-20,783,604,625,284,652,1260,3613,536,1119,328,1562,860,569,625,121,500,491,450,387,145,369,568,1448,336,625,251,1024,531,267,324,55,105,13,8,9,4,9,10,23,10,22,9,23,13,10,12,5,14
2021-06-21,783,604,625,284,652,1260,3613,536,1119,328,1562,860,569,625,121,500,517,458,360,141,369,581,1425,320,624,211,1005,535,262,320,54,94,13,8,9,4,9,10,23,10,22,9,23,13,10,12,5,14
2021-06-22,783,604,625,284,652,1260,3613,536,1119,328,1562,860,569,625,121,500,506,391,337,141,375,556,1317,314,546,183,964,501,235,290,50,94,13,8,9,4,9,10,23,10,22,9,23,13,10,12,5,14
2021-06-23,783,604,625,284,652,1260,3613,536,1119,328,1538,860,569,625,121,500,508,387,350,139,338,528,1401,303,574,179,932,451,228,266,45,82,13,8,9,4,9,10,23,10,22,9,22,13,10,12,5,14
2021-06-24,783,604,625,284,652,1260,3613,536,1119,328,1538,860,569,625,121,500,521,422,413,129,377,521,1403,300,601,172,901,479,229,269,47,83,13,8,9,4,9,10,23,10,22,9,22,13,10,12,5,14
2021-06-25,783,604,625,284,652,1260,3454,536,1119,328,1538,860,569,625,121,480,523,401,397,132,357,505,1353,295,591,152,916,508,228,250,43,71,13,8,9,4,9,10,22,10,22,9,22,13,10,12,5,13
2021-06-26,783,604,625,284,652,1260,3454,536,1119,328,1538,860,569,625,121,480,482,417,403,151,356,505,1451,277,594,152,931,514,217,274,38,71,13,8,9,4,9,10,22,10,22,9,22,13,10,12,5,13
2021-06-27,783,604,625,284,652,1260,3454,536,1119,328,1538,860,569,625,121,480,449,429,390,167,377,506,1457,280,587,179,915,523,231,266,41,64,13,8,9,4,9,10,22,10,22,9,22,13,10,12,5,13
2021-06-28,783,604,625,284,652,1260,3454,536,1119,328,1538,860,569,625,121,480,446,405,370,154,367,493,1407,281,597,167,894,567,231,254,42,65,13,8,9,4,9,10,22,10,22,9,22,13,10,12,5,13
2021-06-29,783,604,625,284,652,1260,3454,536,1119,328,1538,860,569,625,121,480,443,357,341,153,346,466,1337,249,589,151,864,548,212,238,38,51,13,8,9,4,9,10,22,10,22,9,22,13,10,12,5,13
2021-06-30,783,604,625,284,652,1260,3454,536,1119,328,1538,860,569,625,121,480,395,371,323,141,304,433,1255,221,544,151,826,566,207,228,34,47,13,8,9,4,9,10,22,10,22,9,22,13,10,12,5,13
2021-07-01,783,604,625,284,652,1260,3454,536,1119,328,1509,860,543,625,101,423,355,402,369,123,276,425,1198,219,554,142,807,536,211,240,36,55,13,8,9,4,9,10,22,10,22,9,21,13,9,12,4,11
2021-07-02,722,604,625,284,652,1260,3454,536,1177,328,1509,860,543,625,101,423,358,445,379,134,266,416,1148,223,544,137,797,531,215,230,34,57,11,8,9,4,9,10,22,10,23,9,21,13,9,12,4,11
2021-07-03,722,604,625,284,652,1260,3454,536,1177,328,1509,860,543,625,101,423,337,389,365,143,277,425,1129,205,556,132,800,569,221,250,35,55,11,8,9,4,9,10,22,10,23,9,21,13,9,12,4,11
2021-07-04,722,604,625,284,652,1260,3176,536,1177,328,1509,860,543,625,101,423,335,357,315,144,263,459,1001,183,541,142,769,554,218,216,37,46,11,8,9,4,9,10,20,10,23,9,21,13,9,12,4,11
2021-07-05,722,604,625,284,652,1260,3176,536,1177,328,1509,860,543,625,101,423,354,349,296,138,284,465,1039,169,548,143,745,536,212,205,29,42,11,8,9,4,9,10,20,10,23,9,21,13,9,12,4,11
2021-07-06,722,604,736,284,652,1260,3176,536,1177,353,1509,860,543,625,101,423,327,318,291,124,268,426,969,140,501,148,700,499,196,196,20,42,11,8,10,4,9,10,20,10,23,10,21,13,9,12,4,11
2021-07-07,722,604,700,284,652,1260,3176,500,1177,353,1509,860,543,625,101,423,327,314,271,117,284,454,954,122,503,135,675,512,204,194,20,46,11,8,9,4,9,10,20,9,23,10,21,13,9,12,4,11
2021-07-08,722,604,696,284,652,1260,3176,500,1177,353,1509,860,543,625,101,423,312,354,323,116,265,448,968,139,495,129,694,499,207,218,34,46,11,8,9,4,9,10,20,9,23,10,21,13,9,12,4,11
<<<<<<< HEAD
2021-07-09,722,604,696,284,652,1260,3176,500,1177,353,1509,860,543,625,101,423,316,391,341,121,277,472,1000,135,476,127,673,525,213,223,36,46,11,8,9,4,9,10,20,9,23,10,21,13,9,12,4,11
2021-07-10,722,604,696,284,652,1260,3176,500,1177,353,1509,860,543,625,101,423,321,412,431,130,276,470,1010,130,463,136,695,578,214,229,42,36,11,8,9,4,9,10,20,9,23,10,21,13,9,12,4,11
=======
>>>>>>> 4ca044a8ae28429dbec50ec3662ebe8a65a89043
